0, 0, 1208.1826064795232, [0.6640708056608909, 0.8081836101559449, 0.0602795553723563, 7, 4, 0.09291504500357506, 0.5845462276873147, 0.7969126008342323, 0.7496036737963511, 0.5159484325768959]
0, 1, 1202.891337928151, [0.5316046692065493, 0.5221210239420943, 0.7123941898838531, 10, 19, 0.3221810179258263, 0.16680089998054792, 0.3264661865359708, 0.7783611129116565, 0.8182059035664183]
0, 2, 1200.9395335949155, [0.15417859283483282, 0.40767932293447706, 0.26137369576536407, 4, 8, 0.6238624786550863, 0.3530876231292843, 0.8427516051110326, 0.4055583487030533, 0.28116856561497283]
0, 3, 1200.0527179755943, [0.46252437614193787, 0.0024316229297343117, 0.52496426620324, 7, 18, 0.8524620044376037, 0.5906982947093607, 0.6380458194225865, 0.6381586868106517, 0.18917290986411972]
0, 4, 1199.9693836952943, [0.3482374114272905, 0.7360025464706199, 0.4835917318491021, 4, 5, 0.7480096235639682, 0.39372043004786617, 0.20111665415591728, 0.25516315176094084, 0.9157325450097016]
0, 5, 1199.680322539251, [0.37208446800434125, 0.9919607233357977, 0.600854621187556, 3, 18, 0.35412400902955743, 0.803869238142125, 0.17377950805427245, 0.3322319936392799, 0.7966933653048729]
0, 6, 1198.222730359494, [0.7076842971359767, 0.2942889917536369, 0.8337722359787941, 7, 1, 0.48121726345323657, 0.7657316400272379, 0.03845696846236224, 0.2090032373326467, 0.4517941106574712]
0, 7, 1198.191403627374, [0.7860760953368006, 0.413572304839964, 0.6615489659792604, 6, 1, 0.2197030541161371, 0.4431500835044673, 0.5393710909405005, 0.9212961307805815, 0.010238696296381189]
0, 8, 1197.5500443077892, [0.7530857045068983, 0.4221296646658168, 0.23051998641249738, 8, 18, 0.9881960833808967, 0.4029891586138863, 0.9495197995075453, 0.09226718727233385, 0.4395975358594155]
0, 9, 1194.3199194926137, [0.05091520844311759, 0.21375628533654978, 0.722005349851175, 6, 9, 0.3851436092246473, 0.7531190967260821, 0.44748948177326375, 0.4725576720480371, 0.649283081059277]
1, 0, 1222.1984151117915, [0.7860760953368006, 0.413572304839964, 0.6615489659792604, 6, 1, 0.2197030541161371, 0.4431500835044673, 0.5393710909405005, 0.9212961307805815, 0.010238696296381189]
1, 1, 1215.1786582725595, [0.5316046692065493, 0.9919607233357977, 0.600854621187556, 2, 18, 0.35412400902955743, 0.16680089998054792, 0.9802493833713554, 0.12914449451054144, 0.8182059035664183]
1, 2, 1213.03818972402, [0.6640708056608909, 0.5221210239420943, 0.0602795553723563, 10, 19, 0.3221810179258263, 0.16680089998054792, 0.3264661865359708, 0.7783611129116565, 0.5159484325768959]
1, 3, 1211.1159752815608, [0.3482374114272905, 0.7360025464706199, 0.4835917318491021, 4, 5, 0.7480096235639682, 0.39372043004786617, 0.20111665415591728, 0.25516315176094084, 0.9157325450097016]
1, 4, 1210.9974537670928, [0.6640708056608909, 0.5221210239420943, 0.09161274381161688, 3, 19, 0.7130401159631675, 0.5845462276873147, 0.7969126008342323, 0.7496036737963511, 0.8182059035664183]
1, 5, 1207.9814959554071, [0.05091520844311759, 0.21375628533654978, 0.722005349851175, 6, 9, 0.3851436092246473, 0.7531190967260821, 0.44748948177326375, 0.4725576720480371, 0.649283081059277]
1, 6, 1204.912221971704, [0.15417859283483282, 0.40767932293447706, 0.26137369576536407, 4, 8, 0.6238624786550863, 0.3530876231292843, 0.8427516051110326, 0.4055583487030533, 0.28116856561497283]
1, 7, 1204.5357401818276, [0.46252437614193787, 0.0024316229297343117, 0.52496426620324, 7, 18, 0.8524620044376037, 0.5906982947093607, 0.6380458194225865, 0.6381586868106517, 0.18917290986411972]
1, 8, 1204.0436410010077, [0.9761482202583098, 0.0024316229297343117, 0.52496426620324, 7, 18, 0.8524620044376037, 0.5906982947093607, 0.6380458194225865, 0.6381586868106517, 0.18917290986411972]
1, 9, 1203.0711081719537, [0.7860760953368006, 0.40767932293447706, 0.6615489659792604, 4, 8, 0.2197030541161371, 0.3530876231292843, 0.5393710909405005, 0.4055583487030533, 0.28116856561497283]
2, 0, 1234.707261827549, [0.6640708056608909, 0.5221210239420943, 0.09161274381161688, 3, 19, 0.7130401159631675, 0.5845462276873147, 0.7969126008342323, 0.7496036737963511, 0.8182059035664183]
2, 1, 1225.747876503569, [0.6640708056608909, 0.5221210239420943, 0.0602795553723563, 10, 19, 0.3221810179258263, 0.16680089998054792, 0.3264661865359708, 0.7783611129116565, 0.5159484325768959]
2, 2, 1220.7192674279797, [0.15417859283483282, 0.40767932293447706, 0.26137369576536407, 4, 8, 0.6238624786550863, 0.3530876231292843, 0.8427516051110326, 0.4055583487030533, 0.28116856561497283]
2, 3, 1215.019433619068, [0.05091520844311759, 0.21375628533654978, 0.722005349851175, 6, 9, 0.3851436092246473, 0.7531190967260821, 0.44748948177326375, 0.2723115512320986, 0.649283081059277]
2, 4, 1212.1432523643025, [0.874349912451057, 0.6777661738279505, 0.4187894603268888, 3, 19, 0.8524620044376037, 0.5906982947093607, 0.7969126008342323, 0.6381586868106517, 0.18917290986411972]
2, 5, 1211.9546492325767, [0.05091520844311759, 0.21375628533654978, 0.722005349851175, 6, 9, 0.3851436092246473, 0.7531190967260821, 0.44748948177326375, 0.4725576720480371, 0.649283081059277]
2, 6, 1211.3393871189846, [0.3527708759692948, 0.9919607233357977, 0.6615489659792604, 2, 1, 0.35412400902955743, 0.4431500835044673, 0.5393710909405005, 0.9212961307805815, 0.010238696296381189]
2, 7, 1210.1416113170092, [0.7860760953368006, 0.40767932293447706, 0.6615489659792604, 4, 8, 0.2197030541161371, 0.3530876231292843, 0.5393710909405005, 0.4055583487030533, 0.28116856561497283]
2, 8, 1207.3897832245357, [0.7860760953368006, 0.413572304839964, 0.6615489659792604, 6, 1, 0.2197030541161371, 0.4431500835044673, 0.5393710909405005, 0.9212961307805815, 0.010238696296381189]
2, 9, 1205.44132322573, [0.5316046692065493, 0.9919607233357977, 0.600854621187556, 2, 18, 0.35412400902955743, 0.16680089998054792, 0.9802493833713554, 0.12914449451054144, 0.8182059035664183]
3, 0, 1238.1384847447955, [0.6640708056608909, 0.5221210239420943, 0.09161274381161688, 3, 19, 0.7130401159631675, 0.5845462276873147, 0.7969126008342323, 0.7496036737963511, 0.8182059035664183]
3, 1, 1228.2676313906666, [0.874349912451057, 0.6777661738279505, 0.4187894603268888, 3, 19, 0.8524620044376037, 0.5906982947093607, 0.7969126008342323, 0.6381586868106517, 0.18917290986411972]
3, 2, 1226.8912846694918, [0.05091520844311759, 0.21375628533654978, 0.722005349851175, 6, 9, 0.3851436092246473, 0.7531190967260821, 0.44748948177326375, 0.4725576720480371, 0.649283081059277]
3, 3, 1225.6267021631675, [0.6640708056608909, 0.40767932293447706, 0.26137369576536407, 4, 19, 0.6238624786550863, 0.5845462276873147, 0.6180859358420299, 0.4055583487030533, 0.8240902446219114]
3, 4, 1224.9523148137032, [0.6640708056608909, 0.21375628533654978, 0.0602795553723563, 6, 9, 0.3851436092246473, 0.16680089998054792, 0.3264661865359708, 0.2723115512320986, 0.649283081059277]
3, 5, 1214.5270722104628, [0.05091520844311759, 0.21375628533654978, 0.722005349851175, 6, 9, 0.3851436092246473, 0.7531190967260821, 0.44748948177326375, 0.2723115512320986, 0.649283081059277]
3, 6, 1212.5093662437475, [0.6640708056608909, 0.5221210239420943, 0.0602795553723563, 10, 19, 0.3221810179258263, 0.16680089998054792, 0.3264661865359708, 0.7783611129116565, 0.5159484325768959]
3, 7, 1210.2930567401233, [0.7860760953368006, 0.40767932293447706, 0.6615489659792604, 4, 8, 0.2197030541161371, 0.3530876231292843, 0.5393710909405005, 0.4055583487030533, 0.28116856561497283]
3, 8, 1205.9674575562458, [0.5316046692065493, 0.9919607233357977, 0.600854621187556, 2, 18, 0.35412400902955743, 0.16680089998054792, 0.9802493833713554, 0.12914449451054144, 0.8182059035664183]
3, 9, 1205.0356700478708, [0.6640708056608909, 0.21375628533654978, 0.2569296568036604, 6, 9, 0.7130401159631675, 0.9373973426107504, 0.7969126008342323, 0.10150795384092326, 0.649283081059277]
4, 0, 1231.1720871428188, [0.874349912451057, 0.6777661738279505, 0.4187894603268888, 3, 19, 0.8524620044376037, 0.5906982947093607, 0.7969126008342323, 0.6381586868106517, 0.18917290986411972]
4, 1, 1222.3975843100252, [0.6640708056608909, 0.5221210239420943, 0.0602795553723563, 10, 19, 0.3221810179258263, 0.16680089998054792, 0.3264661865359708, 0.7783611129116565, 0.5159484325768959]
4, 2, 1220.46866395596, [0.05091520844311759, 0.21375628533654978, 0.722005349851175, 6, 9, 0.3851436092246473, 0.7531190967260821, 0.44748948177326375, 0.2723115512320986, 0.649283081059277]
4, 3, 1220.1950339779817, [0.6640708056608909, 0.40767932293447706, 0.26137369576536407, 4, 19, 0.6238624786550863, 0.5845462276873147, 0.6180859358420299, 0.4055583487030533, 0.8240902446219114]
4, 4, 1215.709123745559, [0.7860760953368006, 0.40767932293447706, 0.6615489659792604, 4, 8, 0.2197030541161371, 0.3530876231292843, 0.5393710909405005, 0.4055583487030533, 0.28116856561497283]
4, 5, 1213.4482096123659, [0.10525418605747439, 0.40767932293447706, 0.4187894603268888, 4, 19, 0.8524620044376037, 0.7277985910587791, 0.6180859358420299, 0.4055583487030533, 0.5982037740154137]
4, 6, 1213.254315230525, [0.6640708056608909, 0.21375628533654978, 0.2569296568036604, 6, 9, 0.7130401159631675, 0.9373973426107504, 0.7969126008342323, 0.10150795384092326, 0.649283081059277]
4, 7, 1210.6470333938996, [0.6640708056608909, 0.5221210239420943, 0.09161274381161688, 3, 19, 0.7130401159631675, 0.5845462276873147, 0.7969126008342323, 0.7496036737963511, 0.8182059035664183]
4, 8, 1210.409571662739, [0.6640708056608909, 0.6777661738279505, 0.4187894603268888, 3, 19, 0.8524620044376037, 0.8514488036763139, 0.11071133007691436, 0.6381586868106517, 0.18917290986411972]
4, 9, 1209.6181435168469, [0.05091520844311759, 0.21375628533654978, 0.722005349851175, 6, 9, 0.3851436092246473, 0.7531190967260821, 0.44748948177326375, 0.4725576720480371, 0.649283081059277]
5, 0, 1240.2716602386706, [0.05091520844311759, 0.21375628533654978, 0.722005349851175, 6, 9, 0.3851436092246473, 0.7531190967260821, 0.44748948177326375, 0.2723115512320986, 0.649283081059277]
5, 1, 1236.368125779865, [0.6640708056608909, 0.21375628533654978, 0.2569296568036604, 6, 9, 0.7130401159631675, 0.9373973426107504, 0.7969126008342323, 0.10150795384092326, 0.649283081059277]
5, 2, 1227.774280375921, [0.05091520844311759, 0.21375628533654978, 0.722005349851175, 6, 9, 0.3851436092246473, 0.7531190967260821, 0.44748948177326375, 0.4725576720480371, 0.649283081059277]
5, 3, 1219.83412217258, [0.874349912451057, 0.6777661738279505, 0.4187894603268888, 3, 19, 0.8524620044376037, 0.5906982947093607, 0.7969126008342323, 0.6381586868106517, 0.18917290986411972]
5, 4, 1219.5703301240828, [0.6640708056608909, 0.6680080998488062, 0.0602795553723563, 3, 19, 0.3221810179258263, 0.16680089998054792, 0.7969126008342323, 0.7496036737963511, 0.5159484325768959]
5, 5, 1216.9128357950253, [0.7860760953368006, 0.40767932293447706, 0.4187894603268888, 4, 11, 0.8581569170166894, 0.7277985910587791, 0.5393710909405005, 0.4055583487030533, 0.5982037740154137]
5, 6, 1215.7370693854414, [0.874349912451057, 0.6777661738279505, 0.4187894603268888, 3, 19, 0.8524620044376037, 0.5906982947093607, 0.7969126008342323, 0.6381586868106517, 0.18917290986411972]
5, 7, 1210.1184461883483, [0.6640708056608909, 0.5221210239420943, 0.09161274381161688, 3, 19, 0.7130401159631675, 0.5845462276873147, 0.7969126008342323, 0.7496036737963511, 0.8182059035664183]
5, 8, 1210.0929286247226, [0.6640708056608909, 0.40767932293447706, 0.26137369576536407, 4, 19, 0.6238624786550863, 0.5845462276873147, 0.6180859358420299, 0.4055583487030533, 0.8240902446219114]
5, 9, 1207.0324583354422, [0.6640708056608909, 0.5221210239420943, 0.09161274381161688, 3, 19, 0.6599918781049239, 0.7531190967260821, 0.7969126008342323, 0.2723115512320986, 0.649283081059277]
6, 0, 1236.765694764251, [0.874349912451057, 0.6777661738279505, 0.4187894603268888, 3, 19, 0.8524620044376037, 0.5906982947093607, 0.7969126008342323, 0.6381586868106517, 0.18917290986411972]
6, 1, 1231.1680733265946, [0.6640708056608909, 0.40767932293447706, 0.26137369576536407, 4, 19, 0.6238624786550863, 0.5845462276873147, 0.6180859358420299, 0.4055583487030533, 0.8240902446219114]
6, 2, 1229.241578509756, [0.6640708056608909, 0.6680080998488062, 0.0602795553723563, 3, 19, 0.3221810179258263, 0.16680089998054792, 0.7969126008342323, 0.7496036737963511, 0.5159484325768959]
6, 3, 1222.654984923417, [0.05091520844311759, 0.21375628533654978, 0.722005349851175, 6, 9, 0.3851436092246473, 0.7531190967260821, 0.44748948177326375, 0.2723115512320986, 0.649283081059277]
6, 4, 1217.51035032261, [0.05091520844311759, 0.21375628533654978, 0.4187894603268888, 3, 9, 0.8524620044376037, 0.5906982947093607, 0.7969126008342323, 0.2723115512320986, 0.40006992946950326]
6, 5, 1216.5850121641374, [0.874349912451057, 0.6777661738279505, 0.4187894603268888, 3, 9, 0.8524620044376037, 0.7531190967260821, 0.44748948177326375, 0.4725576720480371, 0.18917290986411972]
6, 6, 1215.4138490946002, [0.6640708056608909, 0.5221210239420943, 0.09161274381161688, 3, 19, 0.6599918781049239, 0.7531190967260821, 0.7969126008342323, 0.2723115512320986, 0.649283081059277]
6, 7, 1214.507765371609, [0.874349912451057, 0.4762873217104707, 0.722005349851175, 6, 6, 0.3851436092246473, 0.7531190967260821, 0.44748948177326375, 0.6381586868106517, 0.649283081059277]
6, 8, 1212.427344656871, [0.874349912451057, 0.6777661738279505, 0.4187894603268888, 3, 19, 0.8524620044376037, 0.5906982947093607, 0.7969126008342323, 0.6381586868106517, 0.18917290986411972]
6, 9, 1210.6314081161745, [0.5243602308882561, 0.21375628533654978, 0.722005349851175, 6, 19, 0.3851436092246473, 0.5906982947093607, 0.2841864576884796, 0.6381586868106517, 0.6870734991506138]
7, 0, 1244.4838982095362, [0.05091520844311759, 0.21375628533654978, 0.4187894603268888, 3, 9, 0.8524620044376037, 0.5906982947093607, 0.7969126008342323, 0.2723115512320986, 0.40006992946950326]
7, 1, 1233.678060557273, [0.05091520844311759, 0.21375628533654978, 0.722005349851175, 6, 9, 0.3851436092246473, 0.7531190967260821, 0.44748948177326375, 0.2723115512320986, 0.649283081059277]
7, 2, 1232.6951020708116, [0.5243602308882561, 0.21375628533654978, 0.722005349851175, 6, 19, 0.3851436092246473, 0.5906982947093607, 0.2841864576884796, 0.6381586868106517, 0.6870734991506138]
7, 3, 1227.9972181306869, [0.6640708056608909, 0.21375628533654978, 0.4187894603268888, 3, 13, 0.8524620044376037, 0.16680089998054792, 0.7969126008342323, 0.2723115512320986, 0.5159484325768959]
7, 4, 1216.070743926263, [0.05091520844311759, 0.6680080998488062, 0.0602795553723563, 3, 9, 0.3221810179258263, 0.5906982947093607, 0.17615080947873563, 0.7496036737963511, 0.40006992946950326]
7, 5, 1215.6972703791548, [0.874349912451057, 0.6777661738279505, 0.4187894603268888, 3, 19, 0.8524620044376037, 0.5906982947093607, 0.7969126008342323, 0.6381586868106517, 0.18917290986411972]
7, 6, 1215.3247096201317, [0.6640708056608909, 0.6680080998488062, 0.0602795553723563, 3, 19, 0.3221810179258263, 0.16680089998054792, 0.7969126008342323, 0.7496036737963511, 0.5159484325768959]
7, 7, 1213.9927399683404, [0.874349912451057, 0.6777661738279505, 0.4187894603268888, 3, 19, 0.8524620044376037, 0.5906982947093607, 0.7969126008342323, 0.6381586868106517, 0.18917290986411972]
7, 8, 1212.7342236174284, [0.05091520844311759, 0.6777661738279505, 0.722005349851175, 6, 9, 0.8524620044376037, 0.7531190967260821, 0.44748948177326375, 0.4725576720480371, 0.649283081059277]
7, 9, 1211.2823175771862, [0.6640708056608909, 0.40767932293447706, 0.26137369576536407, 4, 19, 0.6238624786550863, 0.5845462276873147, 0.6180859358420299, 0.4055583487030533, 0.8240902446219114]
8, 0, 1232.9192214678942, [0.05091520844311759, 0.21375628533654978, 0.722005349851175, 6, 9, 0.3851436092246473, 0.7531190967260821, 0.44748948177326375, 0.2723115512320986, 0.649283081059277]
8, 1, 1229.1692434952663, [0.05091520844311759, 0.21375628533654978, 0.4187894603268888, 3, 9, 0.8524620044376037, 0.5906982947093607, 0.7969126008342323, 0.2723115512320986, 0.40006992946950326]
8, 2, 1224.3757534532815, [0.5243602308882561, 0.21375628533654978, 0.722005349851175, 6, 19, 0.3851436092246473, 0.5906982947093607, 0.2841864576884796, 0.6381586868106517, 0.6870734991506138]
8, 3, 1224.0334946253706, [0.874349912451057, 0.6777661738279505, 0.4187894603268888, 3, 19, 0.8524620044376037, 0.5906982947093607, 0.7969126008342323, 0.6381586868106517, 0.18917290986411972]
8, 4, 1223.0525009968892, [0.25829495580469974, 0.6680080998488062, 0.0602795553723563, 3, 16, 0.3221810179258263, 0.5906982947093607, 0.17615080947873563, 0.7496036737963511, 0.18917290986411972]
8, 5, 1221.399592681598, [0.05091520844311759, 0.6680080998488062, 0.0602795553723563, 3, 9, 0.3221810179258263, 0.5906982947093607, 0.17615080947873563, 0.7496036737963511, 0.40006992946950326]
8, 6, 1220.8597637555793, [0.6640708056608909, 0.21375628533654978, 0.4187894603268888, 3, 13, 0.8524620044376037, 0.16680089998054792, 0.7969126008342323, 0.2723115512320986, 0.5159484325768959]
8, 7, 1215.147562399547, [0.6640708056608909, 0.40767932293447706, 0.26137369576536407, 4, 19, 0.6238624786550863, 0.5845462276873147, 0.6180859358420299, 0.4055583487030533, 0.8240902446219114]
8, 8, 1214.8722472199115, [0.6640708056608909, 0.21375628533654978, 0.26137369576536407, 4, 20, 0.6238624786550863, 0.5906982947093607, 0.6180859358420299, 0.2723115512320986, 0.40006992946950326]
8, 9, 1212.8369450589182, [0.6640708056608909, 0.6680080998488062, 0.0602795553723563, 3, 19, 0.3221810179258263, 0.16680089998054792, 0.7969126008342323, 0.7496036737963511, 0.5159484325768959]
9, 0, 1244.0560535275633, [0.5243602308882561, 0.21375628533654978, 0.722005349851175, 6, 19, 0.3851436092246473, 0.5906982947093607, 0.2841864576884796, 0.6381586868106517, 0.6870734991506138]
9, 1, 1230.76156418036, [0.05091520844311759, 0.6680080998488062, 0.0602795553723563, 3, 9, 0.3221810179258263, 0.5906982947093607, 0.17615080947873563, 0.7496036737963511, 0.40006992946950326]
9, 2, 1225.3093003332654, [0.25829495580469974, 0.6680080998488062, 0.0602795553723563, 3, 16, 0.3221810179258263, 0.5906982947093607, 0.17615080947873563, 0.7496036737963511, 0.18917290986411972]
9, 3, 1223.5551230287258, [0.6640708056608909, 0.21375628533654978, 0.26137369576536407, 4, 20, 0.6238624786550863, 0.5906982947093607, 0.6180859358420299, 0.2723115512320986, 0.40006992946950326]
9, 4, 1223.0213910398584, [0.874349912451057, 0.6777661738279505, 0.0602795553723563, 3, 11, 0.33784888951921943, 0.29105407900599944, 0.7969126008342323, 0.7496036737963511, 0.5159484325768959]
9, 5, 1222.2582510313014, [0.874349912451057, 0.6052499211836431, 0.4187894603268888, 7, 18, 0.8524620044376037, 0.5906982947093607, 0.80774265643109, 0.6381586868106517, 0.18917290986411972]
9, 6, 1221.961351205421, [0.874349912451057, 0.6777661738279505, 0.4187894603268888, 3, 19, 0.8524620044376037, 0.5906982947093607, 0.7969126008342323, 0.6381586868106517, 0.18917290986411972]
9, 7, 1218.9071472817664, [0.05091520844311759, 0.21375628533654978, 0.4187894603268888, 3, 9, 0.8524620044376037, 0.5906982947093607, 0.7969126008342323, 0.2723115512320986, 0.40006992946950326]
9, 8, 1215.5689296258624, [0.6640708056608909, 0.6680080998488062, 0.4187894603268888, 3, 19, 0.010569715952212566, 0.5906982947093607, 0.7969126008342323, 0.6381586868106517, 0.18917290986411972]
9, 9, 1213.1813301449276, [0.6640708056608909, 0.21375628533654978, 0.4187894603268888, 3, 13, 0.8524620044376037, 0.16680089998054792, 0.7969126008342323, 0.2723115512320986, 0.5159484325768959]
10, 0, 1239.9579240538035, [0.05091520844311759, 0.6680080998488062, 0.0602795553723563, 3, 9, 0.3221810179258263, 0.5906982947093607, 0.17615080947873563, 0.7496036737963511, 0.40006992946950326]
10, 1, 1232.0302636051538, [0.874349912451057, 0.6052499211836431, 0.4187894603268888, 7, 18, 0.8524620044376037, 0.5906982947093607, 0.80774265643109, 0.6381586868106517, 0.18917290986411972]
10, 2, 1228.2470875832587, [0.6640708056608909, 0.6680080998488062, 0.4187894603268888, 3, 19, 0.010569715952212566, 0.5906982947093607, 0.7969126008342323, 0.6381586868106517, 0.18917290986411972]
10, 3, 1227.6054433668776, [0.874349912451057, 0.21375628533654978, 0.4187894603268888, 6, 19, 0.3851436092246473, 0.5906982947093607, 0.39389070778586066, 0.6381586868106517, 0.6870734991506138]
10, 4, 1227.179961792597, [0.874349912451057, 0.6777661738279505, 0.0602795553723563, 3, 11, 0.33784888951921943, 0.29105407900599944, 0.7969126008342323, 0.7496036737963511, 0.5159484325768959]
10, 5, 1224.9959863318982, [0.5243602308882561, 0.21375628533654978, 0.722005349851175, 6, 19, 0.3851436092246473, 0.5906982947093607, 0.2841864576884796, 0.6381586868106517, 0.6870734991506138]
10, 6, 1211.7534495383927, [0.05091520844311759, 0.21375628533654978, 0.4187894603268888, 3, 9, 0.8524620044376037, 0.5906982947093607, 0.7969126008342323, 0.2723115512320986, 0.40006992946950326]
10, 7, 1211.6590403583361, [0.6640708056608909, 0.6680080998488062, 0.4187894603268888, 3, 19, 0.010569715952212566, 0.5906982947093607, 0.7969126008342323, 0.6381586868106517, 0.18917290986411972]
10, 8, 1211.5426406858242, [0.05091520844311759, 0.6680080998488062, 0.0602795553723563, 3, 9, 0.3221810179258263, 0.5906982947093607, 0.17615080947873563, 0.7496036737963511, 0.40006992946950326]
10, 9, 1211.190475997159, [0.6640708056608909, 0.21375628533654978, 0.26137369576536407, 4, 20, 0.6238624786550863, 0.5906982947093607, 0.6180859358420299, 0.2723115512320986, 0.40006992946950326]
11, 0, 1229.2664016390254, [0.2826000282993696, 0.6052499211836431, 0.4187894603268888, 7, 9, 0.8524620044376037, 0.5906982947093607, 0.7969126008342323, 0.2285894054201375, 0.40006992946950326]
11, 1, 1225.784323277546, [0.874349912451057, 0.6052499211836431, 0.4187894603268888, 7, 18, 0.8524620044376037, 0.5906982947093607, 0.80774265643109, 0.6381586868106517, 0.18917290986411972]
11, 2, 1225.1130862356003, [0.05091520844311759, 0.6680080998488062, 0.0602795553723563, 3, 9, 0.3221810179258263, 0.5906982947093607, 0.17615080947873563, 0.7496036737963511, 0.40006992946950326]
11, 3, 1221.444167043469, [0.6640708056608909, 0.21375628533654978, 0.26137369576536407, 4, 20, 0.6238624786550863, 0.5906982947093607, 0.6180859358420299, 0.2723115512320986, 0.40006992946950326]
11, 4, 1220.3074650377691, [0.5243602308882561, 0.21375628533654978, 0.0602795553723563, 6, 11, 0.3851436092246473, 0.5906982947093607, 0.7969126008342323, 0.6381586868106517, 0.6870734991506138]
11, 5, 1218.0289707059933, [0.874349912451057, 0.21375628533654978, 0.4187894603268888, 6, 19, 0.3851436092246473, 0.5906982947093607, 0.39389070778586066, 0.6381586868106517, 0.6870734991506138]
11, 6, 1216.4584962176446, [0.874349912451057, 0.6777661738279505, 0.0602795553723563, 3, 11, 0.33784888951921943, 0.29105407900599944, 0.7969126008342323, 0.7496036737963511, 0.5159484325768959]
11, 7, 1216.1262915809448, [0.9765514257454216, 0.62378106199148, 0.722005349851175, 3, 19, 0.33784888951921943, 0.29105407900599944, 0.2841864576884796, 0.7496036737963511, 0.5159484325768959]
11, 8, 1213.9507616523256, [0.6640708056608909, 0.6680080998488062, 0.4187894603268888, 3, 19, 0.010569715952212566, 0.5906982947093607, 0.7969126008342323, 0.6381586868106517, 0.18917290986411972]
11, 9, 1211.2182820393027, [0.5243602308882561, 0.21375628533654978, 0.722005349851175, 6, 19, 0.3851436092246473, 0.5906982947093607, 0.2841864576884796, 0.6381586868106517, 0.6870734991506138]
12, 0, 1231.2662607044674, [0.5243602308882561, 0.21375628533654978, 0.722005349851175, 6, 19, 0.3851436092246473, 0.5906982947093607, 0.2841864576884796, 0.6381586868106517, 0.6870734991506138]
12, 1, 1229.8991141188963, [0.874349912451057, 0.6052499211836431, 0.4187894603268888, 7, 18, 0.5937861877401118, 0.5906982947093607, 0.80774265643109, 0.6381586868106517, 0.18917290986411972]
12, 2, 1221.9226711095275, [0.874349912451057, 0.6052499211836431, 0.4187894603268888, 7, 18, 0.8524620044376037, 0.5906982947093607, 0.80774265643109, 0.6381586868106517, 0.18917290986411972]
12, 3, 1220.3262125235258, [0.5243602308882561, 0.21375628533654978, 0.0602795553723563, 6, 11, 0.3851436092246473, 0.5906982947093607, 0.7969126008342323, 0.6381586868106517, 0.6870734991506138]
12, 4, 1217.2035867924299, [0.2826000282993696, 0.6052499211836431, 0.4187894603268888, 7, 9, 0.8524620044376037, 0.5906982947093607, 0.7969126008342323, 0.2285894054201375, 0.40006992946950326]
12, 5, 1216.4166437703454, [0.874349912451057, 0.6052499211836431, 0.4187894603268888, 7, 18, 0.8524620044376037, 0.5906982947093607, 0.7969126008342323, 0.6381586868106517, 0.40006992946950326]
12, 6, 1215.9789966444332, [0.05091520844311759, 0.6680080998488062, 0.0602795553723563, 3, 9, 0.3221810179258263, 0.5906982947093607, 0.17615080947873563, 0.7496036737963511, 0.40006992946950326]
12, 7, 1213.2088295372707, [0.2826000282993696, 0.6052499211836431, 0.4187894603268888, 7, 9, 0.8524620044376037, 0.5906982947093607, 0.80774265643109, 0.2285894054201375, 0.5926013265858661]
12, 8, 1212.1141861054718, [0.6018910313018758, 0.942470679115756, 0.4187894603268888, 7, 9, 0.8524620044376037, 0.600964987647615, 0.7969126008342323, 0.2285894054201375, 0.40006992946950326]
12, 9, 1211.0786872501037, [0.9765514257454216, 0.62378106199148, 0.722005349851175, 3, 19, 0.33784888951921943, 0.29105407900599944, 0.2841864576884796, 0.7496036737963511, 0.5159484325768959]
13, 0, 1242.934850177527, [0.874349912451057, 0.6052499211836431, 0.4187894603268888, 7, 18, 0.8524620044376037, 0.5906982947093607, 0.80774265643109, 0.6381586868106517, 0.18917290986411972]
13, 1, 1229.2592177549768, [0.2826000282993696, 0.6052499211836431, 0.4187894603268888, 7, 9, 0.8524620044376037, 0.5906982947093607, 0.80774265643109, 0.6381586868106517, 0.5926013265858661]
13, 2, 1226.4337781888787, [0.874349912451057, 0.6052499211836431, 0.030620401970831934, 7, 18, 0.8524620044376037, 0.8889257752924199, 0.80774265643109, 0.2285894054201375, 0.18917290986411972]
13, 3, 1226.239696671727, [0.2826000282993696, 0.6052499211836431, 0.4187894603268888, 7, 9, 0.8524620044376037, 0.5906982947093607, 0.80774265643109, 0.2285894054201375, 0.5926013265858661]
13, 4, 1219.8771388940918, [0.874349912451057, 0.6052499211836431, 0.4187894603268888, 7, 18, 0.5937861877401118, 0.5906982947093607, 0.80774265643109, 0.6381586868106517, 0.18917290986411972]
13, 5, 1216.3856274117568, [0.6018910313018758, 0.942470679115756, 0.4187894603268888, 7, 9, 0.8524620044376037, 0.600964987647615, 0.7969126008342323, 0.2285894054201375, 0.40006992946950326]
13, 6, 1215.4665986604718, [0.05091520844311759, 0.6680080998488062, 0.0602795553723563, 3, 9, 0.3221810179258263, 0.5906982947093607, 0.17615080947873563, 0.7496036737963511, 0.40006992946950326]
13, 7, 1215.3176759999205, [0.5243602308882561, 0.21375628533654978, 0.722005349851175, 3, 9, 0.23166405735911388, 0.2996273934676924, 0.2841864576884796, 0.7496036737963511, 0.40006992946950326]
13, 8, 1214.4408494805682, [0.5243602308882561, 0.21375628533654978, 0.0602795553723563, 6, 11, 0.3851436092246473, 0.5906982947093607, 0.7969126008342323, 0.6381586868106517, 0.6870734991506138]
13, 9, 1213.0754039407839, [0.05091520844311759, 0.6680080998488062, 0.7778263631199935, 9, 19, 0.3851436092246473, 0.5906982947093607, 0.17615080947873563, 0.1049054407687896, 0.6870734991506138]
14, 0, 1230.6547569545914, [0.874349912451057, 0.6052499211836431, 0.030620401970831934, 7, 18, 0.8524620044376037, 0.8889257752924199, 0.80774265643109, 0.2285894054201375, 0.18917290986411972]
14, 1, 1228.9227378810986, [0.05091520844311759, 0.6052499211836431, 0.4187894603268888, 3, 9, 0.8524620044376037, 0.5906982947093607, 0.17615080947873563, 0.46590255245500733, 0.5926013265858661]
14, 2, 1224.9084309252328, [0.2826000282993696, 0.6052499211836431, 0.4187894603268888, 7, 9, 0.8524620044376037, 0.5906982947093607, 0.80774265643109, 0.6381586868106517, 0.5926013265858661]
14, 3, 1223.1573748439803, [0.2826000282993696, 0.6052499211836431, 0.4187894603268888, 7, 9, 0.8524620044376037, 0.5906982947093607, 0.80774265643109, 0.2285894054201375, 0.5926013265858661]
14, 4, 1220.5161990341664, [0.2826000282993696, 0.04930404356470819, 0.0602795553723563, 7, 9, 0.8524620044376037, 0.40935850400661367, 0.4841641357195492, 0.6381586868106517, 0.40006992946950326]
14, 5, 1219.0681118086072, [0.5243602308882561, 0.21375628533654978, 0.0602795553723563, 6, 11, 0.3851436092246473, 0.5906982947093607, 0.7969126008342323, 0.6381586868106517, 0.6870734991506138]
14, 6, 1216.1241381961536, [0.2826000282993696, 0.6680080998488062, 0.4187894603268888, 5, 9, 0.3221810179258263, 0.5906982947093607, 0.80774265643109, 0.7496036737963511, 0.403532809047481]
14, 7, 1215.4789064418387, [0.5243602308882561, 0.21375628533654978, 0.722005349851175, 3, 9, 0.23166405735911388, 0.2996273934676924, 0.2841864576884796, 0.7496036737963511, 0.40006992946950326]
14, 8, 1213.3021977279006, [0.05091520844311759, 0.6052499211836431, 0.4187894603268888, 3, 9, 0.3221810179258263, 0.5906982947093607, 0.17615080947873563, 0.7496036737963511, 0.5926013265858661]
14, 9, 1212.2520472124747, [0.7073475236281217, 0.6052499211836431, 0.45290771459623436, 7, 9, 0.5937861877401118, 0.5906982947093607, 0.80774265643109, 0.6381586868106517, 0.5926013265858661]
15, 0, 1233.11621723497, [0.874349912451057, 0.6052499211836431, 0.030620401970831934, 7, 18, 0.8524620044376037, 0.8889257752924199, 0.80774265643109, 0.2285894054201375, 0.18917290986411972]
15, 1, 1224.71686540257, [0.05091520844311759, 0.6052499211836431, 0.4187894603268888, 3, 9, 0.8524620044376037, 0.5906982947093607, 0.17615080947873563, 0.46590255245500733, 0.5926013265858661]
15, 2, 1224.269916742153, [0.2826000282993696, 0.6052499211836431, 0.4187894603268888, 7, 9, 0.8524620044376037, 0.5906982947093607, 0.80774265643109, 0.2285894054201375, 0.5926013265858661]
15, 3, 1217.4980373605993, [0.874349912451057, 0.04930404356470819, 0.9064705701642864, 7, 16, 0.3137153995723454, 0.8889257752924199, 0.4841641357195492, 0.8091805351184146, 0.18917290986411972]
15, 4, 1215.0277403973816, [0.5243602308882561, 0.21375628533654978, 0.0602795553723563, 6, 11, 0.3851436092246473, 0.5906982947093607, 0.7969126008342323, 0.6381586868106517, 0.6870734991506138]
15, 5, 1214.330494710313, [0.2826000282993696, 0.6052499211836431, 0.4187894603268888, 7, 9, 0.8524620044376037, 0.5906982947093607, 0.80774265643109, 0.2285894054201375, 0.5926013265858661]
15, 6, 1214.122811295643, [0.2826000282993696, 0.04930404356470819, 0.0602795553723563, 7, 9, 0.8524620044376037, 0.40935850400661367, 0.4841641357195492, 0.6381586868106517, 0.40006992946950326]
15, 7, 1213.687441089457, [0.2826000282993696, 0.6680080998488062, 0.4187894603268888, 5, 9, 0.3221810179258263, 0.5906982947093607, 0.80774265643109, 0.7496036737963511, 0.403532809047481]
15, 8, 1213.1188281631025, [0.5243602308882561, 0.6680080998488062, 0.4187894603268888, 6, 9, 0.4465482325548006, 0.5906982947093607, 0.7969126008342323, 0.4425464404388626, 0.42922886754533884]
15, 9, 1212.869046680516, [0.965391828574657, 0.6052499211836431, 0.030620401970831934, 7, 18, 0.8524620044376037, 0.40935850400661367, 0.80774265643109, 0.2285894054201375, 0.40006992946950326]
16, 0, 1231.824539348385, [0.2826000282993696, 0.6052499211836431, 0.4187894603268888, 7, 9, 0.8524620044376037, 0.5906982947093607, 0.80774265643109, 0.2285894054201375, 0.5926013265858661]
16, 1, 1223.6968106397933, [0.2826000282993696, 0.04930404356470819, 0.0602795553723563, 7, 9, 0.8524620044376037, 0.40935850400661367, 0.4841641357195492, 0.6381586868106517, 0.40006992946950326]
16, 2, 1221.5667059395616, [0.05091520844311759, 0.6052499211836431, 0.4187894603268888, 3, 9, 0.8524620044376037, 0.5906982947093607, 0.17615080947873563, 0.46590255245500733, 0.5926013265858661]
16, 3, 1218.4135477385591, [0.2826000282993696, 0.6052499211836431, 0.4187894603268888, 7, 15, 0.8524620044376037, 0.8889257752924199, 0.46593437106399715, 0.2285894054201375, 0.18917290986411972]
16, 4, 1218.3845070427033, [0.874349912451057, 0.6052499211836431, 0.030620401970831934, 7, 18, 0.8524620044376037, 0.8889257752924199, 0.80774265643109, 0.2285894054201375, 0.18917290986411972]
16, 5, 1217.9045252609437, [0.965391828574657, 0.6052499211836431, 0.030620401970831934, 7, 18, 0.8524620044376037, 0.40935850400661367, 0.80774265643109, 0.2285894054201375, 0.40006992946950326]
16, 6, 1212.7188097993492, [0.5243602308882561, 0.21375628533654978, 0.0602795553723563, 7, 11, 0.8524620044376037, 0.8571831769319669, 0.4841641357195492, 0.6381586868106517, 0.6870734991506138]
16, 7, 1211.9416028744106, [0.05091520844311759, 0.6052499211836431, 0.4187894603268888, 6, 9, 0.8524620044376037, 0.5906982947093607, 0.5818076657053611, 0.2285894054201375, 0.5926013265858661]
16, 8, 1211.7490316449012, [0.5243602308882561, 0.6680080998488062, 0.4187894603268888, 6, 9, 0.4465482325548006, 0.5906982947093607, 0.7969126008342323, 0.4425464404388626, 0.42922886754533884]
16, 9, 1208.4692202836484, [0.2826000282993696, 0.6052499211836431, 0.4187894603268888, 7, 9, 0.8524620044376037, 0.5906982947093607, 0.17615080947873563, 0.46590255245500733, 0.5926013265858661]
17, 0, 1237.3917044333436, [0.2826000282993696, 0.6052499211836431, 0.4187894603268888, 7, 9, 0.8524620044376037, 0.5906982947093607, 0.80774265643109, 0.2285894054201375, 0.5926013265858661]
17, 1, 1225.9270467605547, [0.05091520844311759, 0.6052499211836431, 0.4187894603268888, 3, 9, 0.8524620044376037, 0.5906982947093607, 0.17615080947873563, 0.46590255245500733, 0.5926013265858661]
17, 2, 1217.8935258973377, [0.2826000282993696, 0.04930404356470819, 0.0602795553723563, 7, 9, 0.8524620044376037, 0.40935850400661367, 0.4841641357195492, 0.6381586868106517, 0.40006992946950326]
17, 3, 1216.7316315425805, [0.965391828574657, 0.6052499211836431, 0.030620401970831934, 7, 18, 0.8524620044376037, 0.40935850400661367, 0.80774265643109, 0.2285894054201375, 0.40006992946950326]
17, 4, 1214.5542872455803, [0.874349912451057, 0.6052499211836431, 0.030620401970831934, 7, 18, 0.8524620044376037, 0.8889257752924199, 0.80774265643109, 0.2285894054201375, 0.18917290986411972]
17, 5, 1213.8793872626127, [0.2826000282993696, 0.6052499211836431, 0.4187894603268888, 7, 11, 0.8524620044376037, 0.8889257752924199, 0.4841641357195492, 0.6381586868106517, 0.40006992946950326]
17, 6, 1210.7891150575988, [0.2826000282993696, 0.6052499211836431, 0.4187894603268888, 7, 9, 0.8524620044376037, 0.13181736673511224, 0.80774265643109, 0.2285894054201375, 0.40006992946950326]
17, 7, 1210.2712185829025, [0.2826000282993696, 0.8009554253418051, 0.0602795553723563, 7, 9, 0.8524620044376037, 0.40935850400661367, 0.46593437106399715, 0.2285894054201375, 0.18917290986411972]
17, 8, 1210.1841369392503, [0.2826000282993696, 0.04930404356470819, 0.4187894603268888, 6, 9, 0.8524620044376037, 0.743951044972396, 0.5278181418534679, 0.2285894054201375, 0.5926013265858661]
17, 9, 1209.758427240409, [0.05091520844311759, 0.6052499211836431, 0.4187894603268888, 5, 9, 0.8524620044376037, 0.8889257752924199, 0.23642688949256907, 0.2285894054201375, 0.5926013265858661]
18, 0, 1238.5740751322548, [0.2826000282993696, 0.6052499211836431, 0.4187894603268888, 7, 11, 0.8524620044376037, 0.8889257752924199, 0.4841641357195492, 0.6381586868106517, 0.40006992946950326]
18, 1, 1233.87736475822, [0.2826000282993696, 0.04930404356470819, 0.0602795553723563, 7, 9, 0.8524620044376037, 0.40935850400661367, 0.4841641357195492, 0.6381586868106517, 0.40006992946950326]
18, 2, 1223.3872372190945, [0.2826000282993696, 0.6052499211836431, 0.4187894603268888, 7, 9, 0.8524620044376037, 0.5906982947093607, 0.80774265643109, 0.2285894054201375, 0.5926013265858661]
18, 3, 1222.2733335479338, [0.965391828574657, 0.6052499211836431, 0.030620401970831934, 7, 18, 0.8524620044376037, 0.40935850400661367, 0.80774265643109, 0.2285894054201375, 0.40006992946950326]
18, 4, 1217.9997829489062, [0.2826000282993696, 0.8009554253418051, 0.0602795553723563, 7, 9, 0.8524620044376037, 0.40935850400661367, 0.46593437106399715, 0.2285894054201375, 0.18917290986411972]
18, 5, 1217.4989190447377, [0.2826000282993696, 0.04930404356470819, 0.0602795553723563, 7, 9, 0.8524620044376037, 0.40935850400661367, 0.6270109968033261, 0.6381586868106517, 0.40006992946950326]
18, 6, 1216.4859530044494, [0.05091520844311759, 0.6052499211836431, 0.7508341741544915, 7, 9, 0.8524620044376037, 0.40935850400661367, 0.17615080947873563, 0.46590255245500733, 0.40006992946950326]
18, 7, 1216.023619036276, [0.2826000282993696, 0.04930404356470819, 0.4187894603268888, 6, 9, 0.8524620044376037, 0.743951044972396, 0.5278181418534679, 0.2285894054201375, 0.5926013265858661]
18, 8, 1214.5272826174175, [0.2826000282993696, 0.6052499211836431, 0.4187894603268888, 7, 9, 0.8524620044376037, 0.13181736673511224, 0.80774265643109, 0.2285894054201375, 0.40006992946950326]
18, 9, 1210.923603888036, [0.5231519618532177, 0.6052499211836431, 0.4187894603268888, 7, 9, 0.16985527176821758, 0.974401242013132, 0.011073960690314633, 0.6381586868106517, 0.2694177680034796]
19, 0, 1241.591707770923, [0.965391828574657, 0.6052499211836431, 0.030620401970831934, 7, 18, 0.8524620044376037, 0.40935850400661367, 0.80774265643109, 0.2285894054201375, 0.40006992946950326]
19, 1, 1225.3352512920653, [0.8878313979790853, 0.8009554253418051, 0.0602795553723563, 7, 13, 0.8524620044376037, 0.40935850400661367, 0.4497265450575523, 0.2285894054201375, 0.18917290986411972]
19, 2, 1224.290184508645, [0.2826000282993696, 0.04930404356470819, 0.4187894603268888, 6, 9, 0.8524620044376037, 0.743951044972396, 0.5278181418534679, 0.2285894054201375, 0.5926013265858661]
19, 3, 1222.2069747955998, [0.9334730752332011, 0.6052499211836431, 0.030620401970831934, 7, 18, 0.8524620044376037, 0.40935850400661367, 0.80774265643109, 0.2285894054201375, 0.40006992946950326]
19, 4, 1221.7294702128902, [0.2826000282993696, 0.04930404356470819, 0.0602795553723563, 7, 9, 0.8524620044376037, 0.40935850400661367, 0.4841641357195492, 0.6381586868106517, 0.40006992946950326]
19, 5, 1221.159490368181, [0.965391828574657, 0.6052499211836431, 0.030620401970831934, 7, 18, 0.14790863810328558, 0.40935850400661367, 0.80774265643109, 0.03944715615685801, 0.40006992946950326]
19, 6, 1220.8399668588004, [0.5231519618532177, 0.6052499211836431, 0.4187894603268888, 7, 9, 0.16985527176821758, 0.974401242013132, 0.011073960690314633, 0.6381586868106517, 0.2694177680034796]
19, 7, 1218.8112734259641, [0.2826000282993696, 0.6052499211836431, 0.4187894603268888, 7, 9, 0.8524620044376037, 0.5906982947093607, 0.80774265643109, 0.2285894054201375, 0.5926013265858661]
19, 8, 1218.3896769668959, [0.2826000282993696, 0.6052499211836431, 0.4187894603268888, 7, 9, 0.8524620044376037, 0.13181736673511224, 0.80774265643109, 0.2285894054201375, 0.40006992946950326]
19, 9, 1217.4368086470379, [0.2826000282993696, 0.8009554253418051, 0.0602795553723563, 7, 9, 0.8524620044376037, 0.40935850400661367, 0.46593437106399715, 0.2285894054201375, 0.18917290986411972]
20, 0, 1234.4769013590176, [0.9334730752332011, 0.8009554253418051, 0.030620401970831934, 7, 18, 0.8524620044376037, 0.40935850400661367, 0.80774265643109, 0.2285894054201375, 0.18917290986411972]
20, 1, 1234.1450708853417, [0.2826000282993696, 0.6052499211836431, 0.4187894603268888, 7, 9, 0.8524620044376037, 0.13181736673511224, 0.80774265643109, 0.2285894054201375, 0.40006992946950326]
20, 2, 1225.3279013435258, [0.2826000282993696, 0.04930404356470819, 0.0602795553723563, 7, 9, 0.8558762013417482, 0.974401242013132, 0.4841641357195492, 0.6381586868106517, 0.2694177680034796]
20, 3, 1223.2249103803515, [0.2826000282993696, 0.04930404356470819, 0.4187894603268888, 6, 9, 0.8524620044376037, 0.743951044972396, 0.5278181418534679, 0.2285894054201375, 0.5926013265858661]
20, 4, 1222.6423363150786, [0.965391828574657, 0.6052499211836431, 0.030620401970831934, 7, 18, 0.8524620044376037, 0.40935850400661367, 0.80774265643109, 0.2285894054201375, 0.40006992946950326]
20, 5, 1218.9583087695307, [0.965391828574657, 0.6052499211836431, 0.030620401970831934, 7, 18, 0.14790863810328558, 0.40935850400661367, 0.80774265643109, 0.03944715615685801, 0.40006992946950326]
20, 6, 1215.6970934850376, [0.2783670601510124, 0.6052499211836431, 0.4187894603268888, 7, 9, 0.16985527176821758, 0.40935850400661367, 0.011073960690314633, 0.6381586868106517, 0.20996696381019364]
20, 7, 1213.0629635029836, [0.2826000282993696, 0.8009554253418051, 0.0602795553723563, 7, 9, 0.8524620044376037, 0.40935850400661367, 0.46593437106399715, 0.2285894054201375, 0.18917290986411972]
20, 8, 1209.8276899842704, [0.9334730752332011, 0.04930404356470819, 0.030620401970831934, 6, 9, 0.8524620044376037, 0.743951044972396, 0.80774265643109, 0.2285894054201375, 0.5926013265858661]
20, 9, 1209.6957548728626, [0.965391828574657, 0.8009554253418051, 0.030620401970831934, 7, 18, 0.8524620044376037, 0.13822447635050195, 0.4426063304949396, 0.2285894054201375, 0.18917290986411972]
21, 0, 1242.9635724799066, [0.9334730752332011, 0.8009554253418051, 0.030620401970831934, 7, 18, 0.8524620044376037, 0.40935850400661367, 0.80774265643109, 0.2285894054201375, 0.18917290986411972]
21, 1, 1223.5047585215332, [0.2826000282993696, 0.6052499211836431, 0.4187894603268888, 7, 9, 0.8524620044376037, 0.13181736673511224, 0.80774265643109, 0.2285894054201375, 0.40006992946950326]
21, 2, 1223.2878503592563, [0.2783670601510124, 0.6052499211836431, 0.4187894603268888, 7, 9, 0.16985527176821758, 0.40935850400661367, 0.011073960690314633, 0.6381586868106517, 0.20996696381019364]
21, 3, 1222.6159978844923, [0.965391828574657, 0.8009554253418051, 0.030620401970831934, 7, 18, 0.8524620044376037, 0.13822447635050195, 0.4426063304949396, 0.2285894054201375, 0.18917290986411972]
21, 4, 1222.0576416709773, [0.26901814547179115, 0.8009554253418051, 0.030620401970831934, 7, 18, 0.8524620044376037, 0.40935850400661367, 0.80774265643109, 0.2285894054201375, 0.18917290986411972]
21, 5, 1218.783111384049, [0.8805010122970494, 0.31279456509104375, 0.4187894603268888, 9, 9, 0.8558762013417482, 0.3085027730729242, 0.5278181418534679, 0.2285894054201375, 0.2694177680034796]
21, 6, 1216.5276924164018, [0.965391828574657, 0.6052499211836431, 0.030620401970831934, 7, 18, 0.8524620044376037, 0.40935850400661367, 0.80774265643109, 0.2285894054201375, 0.40006992946950326]
21, 7, 1216.2194762705672, [0.2783670601510124, 0.04930404356470819, 0.4187894603268888, 7, 9, 0.16985527176821758, 0.743951044972396, 0.011073960690314633, 0.2285894054201375, 0.9286998837338971]
21, 8, 1215.6112868635657, [0.6177813822039198, 0.6052499211836431, 0.4187894603268888, 2, 9, 0.8654068492243204, 0.13778862087833443, 0.5278181418534679, 0.2285894054201375, 0.5926013265858661]
21, 9, 1214.0387536114101, [0.2166341006656468, 0.6052499211836431, 0.4187894603268888, 6, 9, 0.8524620044376037, 0.3627650188601107, 0.5278181418534679, 0.6381586868106517, 0.5926013265858661]
22, 0, 1231.102888825229, [0.9334730752332011, 0.8009554253418051, 0.030620401970831934, 7, 18, 0.8524620044376037, 0.40935850400661367, 0.80774265643109, 0.2285894054201375, 0.18917290986411972]
22, 1, 1229.8987230961502, [0.9334730752332011, 0.8009554253418051, 0.4187894603268888, 7, 18, 0.8524620044376037, 0.40935850400661367, 0.80774265643109, 0.2285894054201375, 0.40006992946950326]
22, 2, 1225.4700179159108, [0.2783670601510124, 0.6052499211836431, 0.4187894603268888, 7, 9, 0.16985527176821758, 0.40935850400661367, 0.011073960690314633, 0.6381586868106517, 0.20996696381019364]
22, 3, 1225.4460659680678, [0.2826000282993696, 0.6052499211836431, 0.030620401970831934, 7, 9, 0.8524620044376037, 0.13181736673511224, 0.6356627115741577, 0.2285894054201375, 0.18917290986411972]
22, 4, 1214.8498794831548, [0.2783670601510124, 0.6052499211836431, 0.4043438468469014, 7, 9, 0.16985527176821758, 0.40935850400661367, 0.5856963324311079, 0.21746672634367514, 0.18917290986411972]
22, 5, 1214.757352194795, [0.8805010122970494, 0.31279456509104375, 0.4187894603268888, 9, 9, 0.8558762013417482, 0.3085027730729242, 0.5278181418534679, 0.2285894054201375, 0.2694177680034796]
22, 6, 1213.4239598451907, [0.26901814547179115, 0.8009554253418051, 0.030620401970831934, 7, 18, 0.8524620044376037, 0.40935850400661367, 0.80774265643109, 0.2285894054201375, 0.18917290986411972]
22, 7, 1213.0058726020955, [0.2783670601510124, 0.04930404356470819, 0.4187894603268888, 7, 9, 0.16985527176821758, 0.743951044972396, 0.011073960690314633, 0.2285894054201375, 0.9286998837338971]
22, 8, 1212.861902565046, [0.6682449215291688, 0.6052499211836431, 0.4187894603268888, 7, 9, 0.8524620044376037, 0.47988208741677096, 0.80774265643109, 0.2285894054201375, 0.40006992946950326]
22, 9, 1212.4689900865237, [0.965391828574657, 0.8009554253418051, 0.030620401970831934, 7, 18, 0.8524620044376037, 0.13822447635050195, 0.4426063304949396, 0.2285894054201375, 0.18917290986411972]
23, 0, 1231.8203787563161, [0.9334730752332011, 0.8009554253418051, 0.030620401970831934, 7, 18, 0.8524620044376037, 0.40935850400661367, 0.80774265643109, 0.2285894054201375, 0.18917290986411972]
23, 1, 1230.1381517413663, [0.2783670601510124, 0.6052499211836431, 0.4187894603268888, 7, 9, 0.16985527176821758, 0.40935850400661367, 0.011073960690314633, 0.6381586868106517, 0.20996696381019364]
23, 2, 1227.7818127010332, [0.9334730752332011, 0.8009554253418051, 0.4187894603268888, 7, 18, 0.8524620044376037, 0.40935850400661367, 0.80774265643109, 0.2285894054201375, 0.40006992946950326]
23, 3, 1220.9850545112558, [0.2826000282993696, 0.6052499211836431, 0.030620401970831934, 7, 9, 0.8524620044376037, 0.13181736673511224, 0.6356627115741577, 0.2285894054201375, 0.18917290986411972]
23, 4, 1220.7779351492268, [0.6682449215291688, 0.6052499211836431, 0.4187894603268888, 7, 9, 0.8524620044376037, 0.47988208741677096, 0.80774265643109, 0.2285894054201375, 0.40006992946950326]
23, 5, 1215.5808945983033, [0.8805010122970494, 0.31279456509104375, 0.4187894603268888, 9, 9, 0.8558762013417482, 0.3085027730729242, 0.5278181418534679, 0.2285894054201375, 0.2694177680034796]
23, 6, 1215.3664600365987, [0.9334730752332011, 0.043484520862088094, 0.030620401970831934, 9, 18, 0.8524620044376037, 0.40935850400661367, 0.80774265643109, 0.2285894054201375, 0.301001413001347]
23, 7, 1213.357189834295, [0.9334730752332011, 0.6052499211836431, 0.9312262889007497, 7, 18, 0.16985527176821758, 0.40935850400661367, 0.011073960690314633, 0.008899021235004634, 0.45266253987416727]
23, 8, 1211.2445163975292, [0.2783670601510124, 0.8009554253418051, 0.4187894603268888, 7, 9, 0.8524620044376037, 0.40935850400661367, 0.80774265643109, 0.6145957858260073, 0.18917290986411972]
23, 9, 1210.7701449712692, [0.7736870502650093, 0.8009554253418051, 0.030620401970831934, 7, 15, 0.7551869305568936, 0.40935850400661367, 0.80774265643109, 0.2285894054201375, 0.12469946015075284]
24, 0, 1237.4156867035524, [0.9334730752332011, 0.8009554253418051, 0.030620401970831934, 7, 18, 0.8524620044376037, 0.40935850400661367, 0.80774265643109, 0.2285894054201375, 0.18917290986411972]
24, 1, 1235.7687044927425, [0.9334730752332011, 0.8009554253418051, 0.4187894603268888, 7, 18, 0.8524620044376037, 0.40935850400661367, 0.80774265643109, 0.2285894054201375, 0.40006992946950326]
24, 2, 1226.9984292256765, [0.2783670601510124, 0.6052499211836431, 0.4187894603268888, 7, 9, 0.16985527176821758, 0.40935850400661367, 0.011073960690314633, 0.6381586868106517, 0.20996696381019364]
24, 3, 1225.0891783472196, [0.9334730752332011, 0.8009554253418051, 0.030620401970831934, 9, 18, 0.8524620044376037, 0.40935850400661367, 0.80774265643109, 0.2285894054201375, 0.18917290986411972]
24, 4, 1216.723747787712, [0.9334730752332011, 0.8009554253418051, 0.4187894603268888, 7, 9, 0.8524620044376037, 0.40935850400661367, 0.011073960690314633, 0.2285894054201375, 0.21605749183684853]
24, 5, 1216.6978838303735, [0.6682449215291688, 0.6052499211836431, 0.4187894603268888, 7, 9, 0.8524620044376037, 0.25614115938700577, 0.07998539026721896, 0.2285894054201375, 0.40006992946950326]
24, 6, 1213.9323136109274, [0.2783670601510124, 0.3130144691168575, 0.4187894603268888, 8, 9, 0.16985527176821758, 0.40935850400661367, 0.40378078600270095, 0.6381586868106517, 0.2694177680034796]
24, 7, 1210.8639419954784, [0.9334730752332011, 0.8009554253418051, 0.4187894603268888, 8, 18, 0.8524620044376037, 0.40935850400661367, 0.80774265643109, 0.5933838112906618, 0.40006992946950326]
24, 8, 1206.831615807457, [0.2826000282993696, 0.8009554253418051, 0.030620401970831934, 7, 18, 0.8524620044376037, 0.40935850400661367, 0.6356627115741577, 0.2285894054201375, 0.18917290986411972]
24, 9, 1206.1751671021323, [0.6682449215291688, 0.6052499211836431, 0.4187894603268888, 7, 9, 0.8524620044376037, 0.47988208741677096, 0.80774265643109, 0.2285894054201375, 0.40006992946950326]
25, 0, 1255.3700215734862, [0.9334730752332011, 0.8009554253418051, 0.030620401970831934, 7, 18, 0.8524620044376037, 0.40935850400661367, 0.80774265643109, 0.2285894054201375, 0.18917290986411972]
25, 1, 1248.986468066189, [0.9334730752332011, 0.8009554253418051, 0.4187894603268888, 7, 18, 0.8524620044376037, 0.40935850400661367, 0.80774265643109, 0.2285894054201375, 0.40006992946950326]
25, 2, 1235.9455021623867, [0.6682449215291688, 0.6052499211836431, 0.030620401970831934, 7, 18, 0.8524620044376037, 0.40935850400661367, 0.07998539026721896, 0.2285894054201375, 0.40006992946950326]
25, 3, 1225.0622793005352, [0.6682449215291688, 0.6052499211836431, 0.4187894603268888, 7, 9, 0.8524620044376037, 0.47988208741677096, 0.80774265643109, 0.2285894054201375, 0.40006992946950326]
25, 4, 1224.062412530952, [0.6682449215291688, 0.6052499211836431, 0.4187894603268888, 7, 9, 0.8524620044376037, 0.25614115938700577, 0.07998539026721896, 0.2285894054201375, 0.40006992946950326]
25, 5, 1221.1340174123047, [0.9334730752332011, 0.8009554253418051, 0.030620401970831934, 9, 18, 0.8524620044376037, 0.40935850400661367, 0.80774265643109, 0.2285894054201375, 0.18917290986411972]
25, 6, 1214.3351491984781, [0.2783670601510124, 0.3130144691168575, 0.4187894603268888, 8, 9, 0.16985527176821758, 0.40935850400661367, 0.40378078600270095, 0.6381586868106517, 0.2694177680034796]
25, 7, 1211.5311538318424, [0.9334730752332011, 0.5525750994782285, 0.1586031234115326, 7, 18, 0.8524620044376037, 0.40935850400661367, 0.80774265643109, 0.2285894054201375, 0.6562380234742121]
25, 8, 1210.431340787888, [0.9334730752332011, 0.8009554253418051, 0.030620401970831934, 7, 18, 0.8524620044376037, 0.40935850400661367, 0.80774265643109, 0.2285894054201375, 0.40006992946950326]
25, 9, 1210.0307093446959, [0.2783670601510124, 0.6052499211836431, 0.4187894603268888, 7, 9, 0.16985527176821758, 0.40935850400661367, 0.011073960690314633, 0.6381586868106517, 0.20996696381019364]
26, 0, 1243.9706263781732, [0.9334730752332011, 0.8009554253418051, 0.030620401970831934, 7, 18, 0.8524620044376037, 0.40935850400661367, 0.80774265643109, 0.2285894054201375, 0.18917290986411972]
26, 1, 1233.0471523888746, [0.2783670601510124, 0.3130144691168575, 0.4187894603268888, 8, 9, 0.1713882971692855, 0.40935850400661367, 0.12079991196443174, 0.6381586868106517, 0.20996696381019364]
26, 2, 1226.2711012213092, [0.9334730752332011, 0.8009554253418051, 0.4187894603268888, 7, 18, 0.8524620044376037, 0.40935850400661367, 0.80774265643109, 0.2285894054201375, 0.40006992946950326]
26, 3, 1224.7008335258322, [0.9334730752332011, 0.8009554253418051, 0.030620401970831934, 9, 18, 0.8524620044376037, 0.40935850400661367, 0.80774265643109, 0.2285894054201375, 0.18917290986411972]
26, 4, 1224.4706530278634, [0.6682449215291688, 0.6052499211836431, 0.030620401970831934, 7, 18, 0.8524620044376037, 0.40935850400661367, 0.07998539026721896, 0.2285894054201375, 0.40006992946950326]
26, 5, 1220.9430870646688, [0.6682449215291688, 0.6052499211836431, 0.10351497414263944, 7, 12, 0.12865726896494878, 0.47988208741677096, 0.80774265643109, 0.2285894054201375, 0.40006992946950326]
26, 6, 1218.4471588334743, [0.9334730752332011, 0.5525750994782285, 0.1586031234115326, 7, 18, 0.8524620044376037, 0.40935850400661367, 0.80774265643109, 0.2285894054201375, 0.6562380234742121]
26, 7, 1217.6422587556372, [0.9334730752332011, 0.8009554253418051, 0.4187894603268888, 7, 18, 0.8524620044376037, 0.40935850400661367, 0.80774265643109, 0.02400144571431595, 0.40006992946950326]
26, 8, 1217.61089574906, [0.2783670601510124, 0.7193607574318504, 0.4187894603268888, 7, 9, 0.8524620044376037, 0.25614115938700577, 0.011073960690314633, 0.2285894054201375, 0.40006992946950326]
26, 9, 1217.5515302932454, [0.2783670601510124, 0.6052499211836431, 0.4187894603268888, 7, 9, 0.16985527176821758, 0.40935850400661367, 0.011073960690314633, 0.6381586868106517, 0.20996696381019364]
27, 0, 1240.1747592034149, [0.2783670601510124, 0.6052499211836431, 0.4187894603268888, 7, 9, 0.16985527176821758, 0.40935850400661367, 0.011073960690314633, 0.6381586868106517, 0.20996696381019364]
27, 1, 1232.0556385887555, [0.9334730752332011, 0.8009554253418051, 0.030620401970831934, 9, 18, 0.8524620044376037, 0.40935850400661367, 0.80774265643109, 0.2285894054201375, 0.18917290986411972]
27, 2, 1229.4947436169018, [0.9334730752332011, 0.8009554253418051, 0.030620401970831934, 7, 18, 0.8524620044376037, 0.40935850400661367, 0.80774265643109, 0.2285894054201375, 0.18917290986411972]
27, 3, 1229.3212468842175, [0.6682449215291688, 0.6052499211836431, 0.030620401970831934, 7, 18, 0.8524620044376037, 0.40935850400661367, 0.07998539026721896, 0.2285894054201375, 0.40006992946950326]
27, 4, 1224.0957046859085, [0.2783670601510124, 0.8009554253418051, 0.4187894603268888, 8, 18, 0.1713882971692855, 0.40935850400661367, 0.12079991196443174, 0.6381586868106517, 0.20996696381019364]
27, 5, 1215.2847723298123, [0.9334730752332011, 0.8009554253418051, 0.4187894603268888, 9, 9, 0.8524620044376037, 0.40935850400661367, 0.80774265643109, 0.2285894054201375, 0.4726839680065674]
27, 6, 1212.4964537151943, [0.9334730752332011, 0.8009554253418051, 0.030620401970831934, 7, 18, 0.7522762248317062, 0.40935850400661367, 0.80774265643109, 0.2285894054201375, 0.18917290986411972]
27, 7, 1212.3164261944682, [0.2783670601510124, 0.3130144691168575, 0.25599458196851843, 8, 18, 0.1713882971692855, 0.40935850400661367, 0.12079991196443174, 0.6381586868106517, 0.18917290986411972]
27, 8, 1212.236717380596, [0.9334730752332011, 0.3130144691168575, 0.4187894603268888, 1, 9, 0.8524620044376037, 0.40935850400661367, 0.80774265643109, 0.02400144571431595, 0.40006992946950326]
27, 9, 1211.3496537688343, [0.9334730752332011, 0.5525750994782285, 0.1586031234115326, 7, 18, 0.8524620044376037, 0.40935850400661367, 0.80774265643109, 0.2285894054201375, 0.6562380234742121]
28, 0, 1236.502391212045, [0.2783670601510124, 0.3130144691168575, 0.25599458196851843, 8, 18, 0.1713882971692855, 0.40935850400661367, 0.12079991196443174, 0.6381586868106517, 0.18917290986411972]
28, 1, 1231.1699866629579, [0.2783670601510124, 0.6052499211836431, 0.4187894603268888, 7, 9, 0.16985527176821758, 0.6799984828749729, 0.80774265643109, 0.2285894054201375, 0.20996696381019364]
28, 2, 1230.518351630405, [0.2783670601510124, 0.6052499211836431, 0.4187894603268888, 7, 9, 0.16985527176821758, 0.40935850400661367, 0.011073960690314633, 0.6381586868106517, 0.20996696381019364]
28, 3, 1222.8533636154557, [0.9334730752332011, 0.8009554253418051, 0.030620401970831934, 7, 11, 0.8524620044376037, 0.40935850400661367, 0.011073960690314633, 0.6381586868106517, 0.18917290986411972]
28, 4, 1222.334773582153, [0.9334730752332011, 0.8009554253418051, 0.030620401970831934, 7, 18, 0.7522762248317062, 0.40935850400661367, 0.80774265643109, 0.2285894054201375, 0.18917290986411972]
28, 5, 1220.0329071014144, [0.2783670601510124, 0.8009554253418051, 0.4187894603268888, 8, 18, 0.1713882971692855, 0.40935850400661367, 0.12079991196443174, 0.6381586868106517, 0.18917290986411972]
28, 6, 1219.9477191616252, [0.6682449215291688, 0.6052499211836431, 0.030620401970831934, 7, 18, 0.8524620044376037, 0.40935850400661367, 0.07998539026721896, 0.2285894054201375, 0.40006992946950326]
28, 7, 1215.9189290282034, [0.2783670601510124, 0.19927358828862218, 0.25599458196851843, 4, 18, 0.7522762248317062, 0.40935850400661367, 0.12079991196443174, 0.2285894054201375, 0.18917290986411972]
28, 8, 1212.8914112260516, [0.8713396367934569, 0.6052499211836431, 0.4187894603268888, 9, 9, 0.8524620044376037, 0.40935850400661367, 0.80774265643109, 0.2285894054201375, 0.18917290986411972]
28, 9, 1210.1316155209863, [0.9334730752332011, 0.983474343441271, 0.030620401970831934, 6, 9, 0.8524620044376037, 0.40935850400661367, 0.80774265643109, 0.2285894054201375, 0.18917290986411972]
29, 0, 1243.9847185054248, [0.2783670601510124, 0.8009554253418051, 0.4187894603268888, 8, 18, 0.1713882971692855, 0.40935850400661367, 0.12079991196443174, 0.6381586868106517, 0.18917290986411972]
29, 1, 1225.125349094906, [0.9334730752332011, 0.983474343441271, 0.030620401970831934, 6, 9, 0.8524620044376037, 0.40935850400661367, 0.80774265643109, 0.2285894054201375, 0.18917290986411972]
29, 2, 1224.1740249185284, [0.2783670601510124, 0.3130144691168575, 0.25599458196851843, 8, 18, 0.1713882971692855, 0.40935850400661367, 0.12079991196443174, 0.6381586868106517, 0.18917290986411972]
29, 3, 1222.4451962091548, [0.6682449215291688, 0.6052499211836431, 0.030620401970831934, 7, 9, 0.8524620044376037, 0.40935850400661367, 0.011073960690314633, 0.2285894054201375, 0.40006992946950326]
29, 4, 1222.1077925452366, [0.2783670601510124, 0.8009554253418051, 0.030620401970831934, 7, 18, 0.17392800530854302, 0.40935850400661367, 0.80774265643109, 0.3097752062533713, 0.18917290986411972]
29, 5, 1221.7700984670873, [0.2783670601510124, 0.6052499211836431, 0.4187894603268888, 7, 9, 0.16985527176821758, 0.6799984828749729, 0.80774265643109, 0.2285894054201375, 0.20996696381019364]
29, 6, 1216.8575090024633, [0.2783670601510124, 0.6052499211836431, 0.4187894603268888, 7, 18, 0.16985527176821758, 0.40935850400661367, 0.011073960690314633, 0.6381586868106517, 0.40006992946950326]
29, 7, 1213.4151324311438, [0.2783670601510124, 0.6052499211836431, 0.4187894603268888, 7, 9, 0.16985527176821758, 0.6799984828749729, 0.12079991196443174, 0.2285894054201375, 0.20996696381019364]
29, 8, 1213.376305271635, [0.2783670601510124, 0.8009554253418051, 0.4187894603268888, 8, 9, 0.1713882971692855, 0.40935850400661367, 0.12079991196443174, 0.614384305944501, 0.18917290986411972]
29, 9, 1209.6783059074364, [0.9334730752332011, 0.6303377100192058, 0.4187894603268888, 7, 9, 0.7366017519348419, 0.6799984828749729, 0.80774265643109, 0.04242555128856318, 0.20996696381019364]
30, 0, 1243.2477658239768, [0.6682449215291688, 0.6052499211836431, 0.030620401970831934, 7, 9, 0.8524620044376037, 0.40935850400661367, 0.011073960690314633, 0.2285894054201375, 0.40006992946950326]
30, 1, 1238.2941973121053, [0.2783670601510124, 0.8009554253418051, 0.030620401970831934, 7, 18, 0.17392800530854302, 0.40935850400661367, 0.80774265643109, 0.3097752062533713, 0.18917290986411972]
30, 2, 1231.3993964244532, [0.2783670601510124, 0.6052499211836431, 0.29962162887037314, 8, 9, 0.16985527176821758, 0.40935850400661367, 0.46979995122940876, 0.614384305944501, 0.5284094128873961]
30, 3, 1222.2991299595558, [0.9334730752332011, 0.983474343441271, 0.6162727994028149, 6, 9, 0.8524620044376037, 0.40935850400661367, 0.80774265643109, 0.2285894054201375, 0.053940348955989315]
30, 4, 1221.8263893821884, [0.2783670601510124, 0.8009554253418051, 0.933009599014409, 8, 9, 0.8524620044376037, 0.40935850400661367, 0.011073960690314633, 0.2285894054201375, 0.18917290986411972]
30, 5, 1220.1056149945798, [0.9334730752332011, 0.6303377100192058, 0.4187894603268888, 7, 9, 0.7366017519348419, 0.6799984828749729, 0.80774265643109, 0.04242555128856318, 0.20996696381019364]
30, 6, 1213.2460437358727, [0.6682449215291688, 0.6052499211836431, 0.030620401970831934, 7, 18, 0.1713882971692855, 0.40935850400661367, 0.12079991196443174, 0.6381586868106517, 0.40006992946950326]
30, 7, 1211.9222657606178, [0.2783670601510124, 0.6052499211836431, 0.4187894603268888, 7, 18, 0.16985527176821758, 0.40935850400661367, 0.011073960690314633, 0.6381586868106517, 0.40006992946950326]
30, 8, 1211.440122113013, [0.2783670601510124, 0.8009554253418051, 0.4187894603268888, 8, 18, 0.1713882971692855, 0.40935850400661367, 0.12079991196443174, 0.6381586868106517, 0.18917290986411972]
30, 9, 1211.1223421387597, [0.9334730752332011, 0.983474343441271, 0.030620401970831934, 6, 9, 0.8524620044376037, 0.40935850400661367, 0.80774265643109, 0.2285894054201375, 0.18917290986411972]
31, 0, 1243.602775769198, [0.2783670601510124, 0.8009554253418051, 0.030620401970831934, 7, 18, 0.17392800530854302, 0.40935850400661367, 0.80774265643109, 0.3097752062533713, 0.18917290986411972]
31, 1, 1233.8478978052442, [0.6682449215291688, 0.6052499211836431, 0.030620401970831934, 7, 18, 0.1713882971692855, 0.40935850400661367, 0.12079991196443174, 0.6381586868106517, 0.40006992946950326]
31, 2, 1226.7022548852622, [0.2783670601510124, 0.6052499211836431, 0.29962162887037314, 8, 9, 0.16985527176821758, 0.40935850400661367, 0.46979995122940876, 0.614384305944501, 0.5284094128873961]
31, 3, 1222.5116182264708, [0.2783670601510124, 0.5788528823680348, 0.030620401970831934, 7, 18, 0.17392800530854302, 0.40935850400661367, 0.5265319007648547, 0.3097752062533713, 0.18917290986411972]
31, 4, 1222.4844311610818, [0.6682449215291688, 0.6052499211836431, 0.030620401970831934, 7, 1, 0.1713882971692855, 0.40935850400661367, 0.80774265643109, 0.6381586868106517, 0.18917290986411972]
31, 5, 1221.067016401144, [0.9334730752332011, 0.6303377100192058, 0.4187894603268888, 7, 9, 0.7366017519348419, 0.6799984828749729, 0.80774265643109, 0.04242555128856318, 0.20996696381019364]
31, 6, 1220.2650054465548, [0.2783670601510124, 0.6052499211836431, 0.4187894603268888, 7, 18, 0.16985527176821758, 0.40935850400661367, 0.011073960690314633, 0.6381586868106517, 0.40006992946950326]
31, 7, 1213.2479849316906, [0.9334730752332011, 0.983474343441271, 0.6162727994028149, 6, 9, 0.8524620044376037, 0.40935850400661367, 0.80774265643109, 0.2285894054201375, 0.053940348955989315]
31, 8, 1211.1966284349628, [0.6682449215291688, 0.6052499211836431, 0.030620401970831934, 7, 11, 0.8524620044376037, 0.40935850400661367, 0.011073960690314633, 0.04242555128856318, 0.40006992946950326]
31, 9, 1210.8328237771846, [0.6682449215291688, 0.6052499211836431, 0.030620401970831934, 7, 9, 0.8524620044376037, 0.40935850400661367, 0.011073960690314633, 0.2285894054201375, 0.40006992946950326]
32, 0, 1231.8549823078388, [0.2783670601510124, 0.6052499211836431, 0.4187894603268888, 7, 18, 0.16985527176821758, 0.40935850400661367, 0.011073960690314633, 0.6381586868106517, 0.40006992946950326]
32, 1, 1224.6737722127768, [0.9334730752332011, 0.6303377100192058, 0.4187894603268888, 7, 9, 0.7366017519348419, 0.6799984828749729, 0.80774265643109, 0.04242555128856318, 0.20996696381019364]
32, 2, 1224.6203773555064, [0.6682449215291688, 0.6052499211836431, 0.030620401970831934, 7, 11, 0.8524620044376037, 0.40935850400661367, 0.011073960690314633, 0.04242555128856318, 0.40006992946950326]
32, 3, 1219.527746894543, [0.5981192163165445, 0.5788528823680348, 0.19739049064612757, 7, 13, 0.17392800530854302, 0.40935850400661367, 0.5265319007648547, 0.3891926701140319, 0.18917290986411972]
32, 4, 1214.595935863339, [0.6682449215291688, 0.6052499211836431, 0.030620401970831934, 7, 1, 0.1713882971692855, 0.40935850400661367, 0.80774265643109, 0.6381586868106517, 0.18917290986411972]
32, 5, 1214.1852162510002, [0.2783670601510124, 0.5788528823680348, 0.030620401970831934, 7, 18, 0.17392800530854302, 0.40935850400661367, 0.5265319007648547, 0.3097752062533713, 0.18917290986411972]
32, 6, 1213.5853397087333, [0.2783670601510124, 0.8009554253418051, 0.030620401970831934, 7, 18, 0.17392800530854302, 0.40935850400661367, 0.80774265643109, 0.3097752062533713, 0.18917290986411972]
32, 7, 1211.9837802883117, [0.2783670601510124, 0.5788528823680348, 0.12778685088975927, 8, 18, 0.10755069531720907, 0.6606852411172096, 0.46979995122940876, 0.3097752062533713, 0.5284094128873961]
32, 8, 1211.7540925875112, [0.9334730752332011, 0.983474343441271, 0.6162727994028149, 6, 9, 0.8524620044376037, 0.40935850400661367, 0.80774265643109, 0.2285894054201375, 0.053940348955989315]
32, 9, 1211.6817064891138, [0.6682449215291688, 0.6052499211836431, 0.030620401970831934, 7, 18, 0.1713882971692855, 0.40935850400661367, 0.12079991196443174, 0.6381586868106517, 0.40006992946950326]
33, 0, 1240.977193793821, [0.2783670601510124, 0.5788528823680348, 0.030620401970831934, 9, 18, 0.17392800530854302, 0.40935850400661367, 0.5265319007648547, 0.3097752062533713, 0.9400914006524002]
33, 1, 1231.5533607298987, [0.9334730752332011, 0.983474343441271, 0.6162727994028149, 6, 9, 0.8524620044376037, 0.40935850400661367, 0.80774265643109, 0.2285894054201375, 0.053940348955989315]
33, 2, 1227.4264727561097, [0.9334730752332011, 0.6303377100192058, 0.4187894603268888, 7, 9, 0.7366017519348419, 0.6799984828749729, 0.80774265643109, 0.04242555128856318, 0.20996696381019364]
33, 3, 1218.564652489235, [0.2783670601510124, 0.5788528823680348, 0.030620401970831934, 7, 18, 0.17392800530854302, 0.40935850400661367, 0.5265319007648547, 0.3097752062533713, 0.18917290986411972]
33, 4, 1215.9146458985483, [0.9334730752332011, 0.48576232774556294, 0.6064091557606068, 7, 9, 0.8524620044376037, 0.6799984828749729, 0.011073960690314633, 0.43124424999994215, 0.9081377416562733]
33, 5, 1215.307532864228, [0.6682449215291688, 0.5937163771092462, 0.030620401970831934, 7, 6, 0.39852686611246013, 0.4683185755292114, 0.80774265643109, 0.1620128795845025, 0.40006992946950326]
33, 6, 1215.0425416731432, [0.2783670601510124, 0.6052499211836431, 0.4187894603268888, 7, 18, 0.16985527176821758, 0.40935850400661367, 0.011073960690314633, 0.6381586868106517, 0.40006992946950326]
33, 7, 1214.8292714352747, [0.6682449215291688, 0.6052499211836431, 0.030620401970831934, 7, 1, 0.8524620044376037, 0.8930449961111705, 0.011073960690314633, 0.04242555128856318, 0.18917290986411972]
33, 8, 1214.090329288376, [0.2783670601510124, 0.8009554253418051, 0.030620401970831934, 7, 18, 0.17392800530854302, 0.40935850400661367, 0.80774265643109, 0.3097752062533713, 0.18917290986411972]
33, 9, 1211.4506770628755, [0.6682449215291688, 0.6052499211836431, 0.030620401970831934, 7, 1, 0.1713882971692855, 0.40935850400661367, 0.80774265643109, 0.6381586868106517, 0.18917290986411972]
34, 0, 1230.1324458705603, [0.6682449215291688, 0.6052499211836431, 0.030620401970831934, 7, 1, 0.1713882971692855, 0.40935850400661367, 0.80774265643109, 0.6381586868106517, 0.18917290986411972]
34, 1, 1227.3535189174206, [0.6682449215291688, 0.48576232774556294, 0.030620401970831934, 7, 9, 0.8524620044376037, 0.4683185755292114, 0.16004315628052168, 0.43124424999994215, 0.9081377416562733]
34, 2, 1224.8604798453864, [0.2783670601510124, 0.5788528823680348, 0.030620401970831934, 9, 18, 0.17392800530854302, 0.40935850400661367, 0.5265319007648547, 0.3097752062533713, 0.9400914006524002]
34, 3, 1224.0408795921755, [0.7731473413083356, 0.983474343441271, 0.6162727994028149, 6, 9, 0.8524620044376037, 0.40935850400661367, 0.8160206192623015, 0.2285894054201375, 0.053940348955989315]
34, 4, 1221.1055558932246, [0.9334730752332011, 0.6303377100192058, 0.4187894603268888, 7, 9, 0.18003943248772225, 0.40935850400661367, 0.5265319007648547, 0.3097752062533713, 0.20996696381019364]
34, 5, 1217.0360198511905, [0.6682449215291688, 0.6052499211836431, 0.030620401970831934, 7, 1, 0.8524620044376037, 0.8930449961111705, 0.011073960690314633, 0.04242555128856318, 0.18917290986411972]
34, 6, 1215.398524040657, [0.9334730752332011, 0.48576232774556294, 0.6064091557606068, 7, 9, 0.8524620044376037, 0.6799984828749729, 0.011073960690314633, 0.43124424999994215, 0.9081377416562733]
34, 7, 1215.0129577523367, [0.2783670601510124, 0.5788528823680348, 0.030620401970831934, 7, 18, 0.7366017519348419, 0.6799984828749729, 0.80774265643109, 0.04242555128856318, 0.18917290986411972]
34, 8, 1213.1465128785255, [0.9334730752332011, 0.6303377100192058, 0.4187894603268888, 7, 9, 0.7366017519348419, 0.6799984828749729, 0.80774265643109, 0.04242555128856318, 0.20996696381019364]
34, 9, 1211.9719828768154, [0.9334730752332011, 0.983474343441271, 0.6162727994028149, 6, 9, 0.8524620044376037, 0.40935850400661367, 0.80774265643109, 0.2285894054201375, 0.053940348955989315]
35, 0, 1232.3167547827952, [0.2783670601510124, 0.5788528823680348, 0.030620401970831934, 7, 18, 0.7366017519348419, 0.6799984828749729, 0.80774265643109, 0.04242555128856318, 0.18917290986411972]
35, 1, 1219.9626037745288, [0.5893221394929122, 0.6052499211836431, 0.030620401970831934, 7, 1, 0.1713882971692855, 0.4683185755292114, 0.80774265643109, 0.6381586868106517, 0.9081377416562733]
35, 2, 1218.438602062677, [0.2783670601510124, 0.5788528823680348, 0.030620401970831934, 9, 18, 0.17392800530854302, 0.40935850400661367, 0.5265319007648547, 0.3097752062533713, 0.9400914006524002]
35, 3, 1217.8082809715784, [0.2783670601510124, 0.48576232774556294, 0.030620401970831934, 9, 18, 0.17392800530854302, 0.40935850400661367, 0.5265319007648547, 0.43124424999994215, 0.11544969962669205]
35, 4, 1217.762131737294, [0.9334730752332011, 0.983474343441271, 0.4187894603268888, 6, 9, 0.8524620044376037, 0.40935850400661367, 0.8160206192623015, 0.2285894054201375, 0.7613436949050518]
35, 5, 1215.5009788579491, [0.9334730752332011, 0.6303377100192058, 0.4187894603268888, 7, 9, 0.7366017519348419, 0.6799984828749729, 0.80774265643109, 0.04242555128856318, 0.20996696381019364]
35, 6, 1214.1248003377389, [0.7731473413083356, 0.6052499211836431, 0.6162727994028149, 7, 1, 0.8524620044376037, 0.40935850400661367, 0.8160206192623015, 0.6381586868106517, 0.18917290986411972]
35, 7, 1213.773268013882, [0.6682449215291688, 0.6052499211836431, 0.030620401970831934, 7, 1, 0.8524620044376037, 0.8930449961111705, 0.011073960690314633, 0.04242555128856318, 0.18917290986411972]
35, 8, 1213.5657259714035, [0.9334730752332011, 0.983474343441271, 0.6162727994028149, 6, 9, 0.8524620044376037, 0.40935850400661367, 0.80774265643109, 0.2285894054201375, 0.053940348955989315]
35, 9, 1212.9245857930835, [0.6682449215291688, 0.983474343441271, 0.030620401970831934, 6, 9, 0.1713882971692855, 0.40935850400661367, 0.80774265643109, 0.2285894054201375, 0.053940348955989315]
36, 0, 1236.3171576752109, [0.9334730752332011, 0.6303377100192058, 0.4187894603268888, 7, 9, 0.7366017519348419, 0.6799984828749729, 0.80774265643109, 0.04242555128856318, 0.20996696381019364]
36, 1, 1230.549783825228, [0.2783670601510124, 0.5788528823680348, 0.030620401970831934, 9, 18, 0.7366017519348419, 0.6799984828749729, 0.80774265643109, 0.04242555128856318, 0.18917290986411972]
36, 2, 1226.5840806650858, [0.2783670601510124, 0.33735284162232404, 0.030620401970831934, 7, 18, 0.7366017519348419, 0.6799984828749729, 0.80774265643109, 0.04242555128856318, 0.18917290986411972]
36, 3, 1224.4430916218948, [0.9334730752332011, 0.983474343441271, 0.4187894603268888, 6, 9, 0.8524620044376037, 0.40935850400661367, 0.8160206192623015, 0.2285894054201375, 0.7613436949050518]
36, 4, 1223.7897360775428, [0.2783670601510124, 0.48576232774556294, 0.030620401970831934, 9, 18, 0.17392800530854302, 0.40935850400661367, 0.5265319007648547, 0.43124424999994215, 0.11544969962669205]
36, 5, 1223.1547574168424, [0.2783670601510124, 0.5788528823680348, 0.030620401970831934, 7, 18, 0.20853137480520378, 0.40935850400661367, 0.5265319007648547, 0.3097752062533713, 0.18917290986411972]
36, 6, 1210.3771815517339, [0.5893221394929122, 0.6052499211836431, 0.030620401970831934, 7, 1, 0.1713882971692855, 0.4683185755292114, 0.80774265643109, 0.6381586868106517, 0.9081377416562733]
36, 7, 1208.3758094044601, [0.2783670601510124, 0.5788528823680348, 0.030620401970831934, 2, 18, 0.15327067932251348, 0.6799984828749729, 0.80774265643109, 0.04242555128856318, 0.4559876942032143]
36, 8, 1208.362972359124, [0.7731473413083356, 0.6052499211836431, 0.6162727994028149, 7, 1, 0.8524620044376037, 0.40935850400661367, 0.8160206192623015, 0.6381586868106517, 0.18917290986411972]
36, 9, 1207.5541439348824, [0.2783670601510124, 0.5788528823680348, 0.030620401970831934, 6, 15, 0.7366017519348419, 0.6799984828749729, 0.6146200747787691, 0.3097752062533713, 0.18917290986411972]
37, 0, 1243.3042536445678, [0.2783670601510124, 0.48576232774556294, 0.030620401970831934, 9, 18, 0.20853137480520378, 0.40935850400661367, 0.5265319007648547, 0.43124424999994215, 0.11544969962669205]
37, 1, 1229.0261277641205, [0.9334730752332011, 0.6303377100192058, 0.4187894603268888, 7, 9, 0.7366017519348419, 0.6799984828749729, 0.80774265643109, 0.04242555128856318, 0.20996696381019364]
37, 2, 1226.892193021381, [0.2783670601510124, 0.5788528823680348, 0.030620401970831934, 7, 18, 0.20853137480520378, 0.40935850400661367, 0.5265319007648547, 0.3097752062533713, 0.18917290986411972]
37, 3, 1222.043004503918, [0.06978893137951081, 0.5813224427668173, 0.030620401970831934, 3, 18, 0.7366017519348419, 0.6799984828749729, 0.80774265643109, 0.04242555128856318, 0.3365872484018577]
37, 4, 1221.6450905418303, [0.7731473413083356, 0.6052499211836431, 0.6162727994028149, 7, 1, 0.8524620044376037, 0.40935850400661367, 0.8160206192623015, 0.6381586868106517, 0.18917290986411972]
37, 5, 1221.6446966658987, [0.2783670601510124, 0.5788528823680348, 0.030620401970831934, 6, 15, 0.7366017519348419, 0.6799984828749729, 0.6146200747787691, 0.3097752062533713, 0.18917290986411972]
37, 6, 1220.4518361511791, [0.5893221394929122, 0.9871743470969673, 0.6025240269528935, 7, 12, 0.1713882971692855, 0.4683185755292114, 0.80774265643109, 0.6381586868106517, 0.18917290986411972]
37, 7, 1220.1325779452031, [0.9334730752332011, 0.5788528823680348, 0.9876747300916986, 2, 9, 0.15327067932251348, 0.6799984828749729, 0.80774265643109, 0.04242555128856318, 0.4559876942032143]
37, 8, 1215.4391015304254, [0.25292791294280437, 0.5924785958587715, 0.030620401970831934, 2, 18, 0.028980529577679492, 0.6799984828749729, 0.80774265643109, 0.04242555128856318, 0.18917290986411972]
37, 9, 1212.056832450422, [0.9334730752332011, 0.6303377100192058, 0.4187894603268888, 7, 9, 0.7366017519348419, 0.6799984828749729, 0.80774265643109, 0.04242555128856318, 0.20996696381019364]
38, 0, 1237.390285313126, [0.5893221394929122, 0.9871743470969673, 0.6025240269528935, 7, 12, 0.1713882971692855, 0.4683185755292114, 0.80774265643109, 0.6381586868106517, 0.18917290986411972]
38, 1, 1237.0791034232122, [0.06978893137951081, 0.5813224427668173, 0.030620401970831934, 3, 18, 0.7366017519348419, 0.6799984828749729, 0.80774265643109, 0.04242555128856318, 0.3365872484018577]
38, 2, 1224.6344130492478, [0.06978893137951081, 0.5813224427668173, 0.030620401970831934, 9, 18, 0.20853137480520378, 0.300521180531126, 0.5265319007648547, 0.04242555128856318, 0.3365872484018577]
38, 3, 1220.0222699105439, [0.2783670601510124, 0.5788528823680348, 0.030620401970831934, 6, 15, 0.7366017519348419, 0.6799984828749729, 0.6146200747787691, 0.3097752062533713, 0.18917290986411972]
38, 4, 1219.116011219632, [0.9334730752332011, 0.6303377100192058, 0.4187894603268888, 7, 9, 0.7366017519348419, 0.6799984828749729, 0.80774265643109, 0.04242555128856318, 0.20996696381019364]
38, 5, 1217.4238910212046, [0.25292791294280437, 0.5924785958587715, 0.030620401970831934, 2, 18, 0.028980529577679492, 0.6799984828749729, 0.80774265643109, 0.04242555128856318, 0.18917290986411972]
38, 6, 1215.8719425499123, [0.9334730752332011, 0.5788528823680348, 0.9876747300916986, 2, 9, 0.15327067932251348, 0.6799984828749729, 0.80774265643109, 0.04242555128856318, 0.4559876942032143]
38, 7, 1215.79425815121, [0.2783670601510124, 0.5788528823680348, 0.030620401970831934, 7, 18, 0.20853137480520378, 0.40935850400661367, 0.5265319007648547, 0.8187442109682359, 0.18917290986411972]
38, 8, 1215.3077305511417, [0.5866083008949429, 0.530711457080011, 0.030620401970831934, 7, 1, 0.20853137480520378, 0.40935850400661367, 0.2851456219733225, 0.6381586868106517, 0.11544969962669205]
38, 9, 1214.0074806798784, [0.2783670601510124, 0.48576232774556294, 0.030620401970831934, 9, 18, 0.20853137480520378, 0.40935850400661367, 0.5265319007648547, 0.43124424999994215, 0.11544969962669205]
39, 0, 1251.7334272486526, [0.5893221394929122, 0.9871743470969673, 0.6025240269528935, 7, 12, 0.1713882971692855, 0.4683185755292114, 0.80774265643109, 0.6381586868106517, 0.18917290986411972]
39, 1, 1230.8741596426594, [0.2783670601510124, 0.5788528823680348, 0.030620401970831934, 6, 15, 0.7366017519348419, 0.6799984828749729, 0.6146200747787691, 0.3097752062533713, 0.18917290986411972]
39, 2, 1228.0070349617852, [0.2783670601510124, 0.48576232774556294, 0.030620401970831934, 9, 18, 0.20853137480520378, 0.40935850400661367, 0.5265319007648547, 0.43124424999994215, 0.11544969962669205]
39, 3, 1225.9366196006565, [0.06978893137951081, 0.9871743470969673, 0.030620401970831934, 9, 18, 0.20853137480520378, 0.300521180531126, 0.80774265643109, 0.6381586868106517, 0.3365872484018577]
39, 4, 1223.8803446726195, [0.06978893137951081, 0.5813224427668173, 0.030620401970831934, 3, 18, 0.7366017519348419, 0.6799984828749729, 0.80774265643109, 0.04242555128856318, 0.3365872484018577]
39, 5, 1218.427491368757, [0.06978893137951081, 0.5813224427668173, 0.030620401970831934, 9, 18, 0.20853137480520378, 0.300521180531126, 0.5265319007648547, 0.04242555128856318, 0.3365872484018577]
39, 6, 1218.1208584759636, [0.9334730752332011, 0.21996128399389725, 0.030620401970831934, 7, 9, 0.7366017519348419, 0.6196461651189437, 0.80774265643109, 0.3097752062533713, 0.18917290986411972]
39, 7, 1217.4974181328462, [0.5893221394929122, 0.9871743470969673, 0.6025240269528935, 3, 12, 0.1713882971692855, 0.35372868529940316, 0.1767467079884758, 0.6381586868106517, 0.18917290986411972]
39, 8, 1214.5724922381899, [0.9334730752332011, 0.6303377100192058, 0.4187894603268888, 7, 9, 0.7366017519348419, 0.6799984828749729, 0.80774265643109, 0.04242555128856318, 0.20996696381019364]
39, 9, 1207.4747487651155, [0.5893221394929122, 0.9871743470969673, 0.6025240269528935, 7, 12, 0.2362473481664027, 0.17006932657357687, 0.80774265643109, 0.47032674851030043, 0.7982891893752584]
40, 0, 1231.1077267162893, [0.06978893137951081, 0.5813224427668173, 0.030620401970831934, 9, 18, 0.93577576681845, 0.6799984828749729, 0.6146200747787691, 0.3097752062533713, 0.3365872484018577]
40, 1, 1228.8618955421139, [0.5893221394929122, 0.9871743470969673, 0.6025240269528935, 7, 12, 0.2362473481664027, 0.17006932657357687, 0.80774265643109, 0.47032674851030043, 0.7982891893752584]
40, 2, 1227.7399934988573, [0.06978893137951081, 0.9871743470969673, 0.030620401970831934, 9, 18, 0.20853137480520378, 0.300521180531126, 0.80774265643109, 0.6381586868106517, 0.3365872484018577]
40, 3, 1225.579308947609, [0.2783670601510124, 0.48576232774556294, 0.030620401970831934, 9, 18, 0.20853137480520378, 0.40935850400661367, 0.5265319007648547, 0.43124424999994215, 0.11544969962669205]
40, 4, 1223.0381939313584, [0.5893221394929122, 0.5813224427668173, 0.030620401970831934, 3, 18, 0.1713882971692855, 0.6799984828749729, 0.80774265643109, 0.7755682696389122, 0.18917290986411972]
40, 5, 1221.0154798500782, [0.06978893137951081, 0.5813224427668173, 0.030620401970831934, 9, 18, 0.20853137480520378, 0.300521180531126, 0.5265319007648547, 0.04242555128856318, 0.3365872484018577]
40, 6, 1220.3425677109894, [0.9334730752332011, 0.21996128399389725, 0.030620401970831934, 7, 9, 0.7366017519348419, 0.6196461651189437, 0.80774265643109, 0.3097752062533713, 0.18917290986411972]
40, 7, 1217.1269161138327, [0.9334730752332011, 0.6303377100192058, 0.4187894603268888, 7, 9, 0.7366017519348419, 0.6799984828749729, 0.80774265643109, 0.04242555128856318, 0.20996696381019364]
40, 8, 1215.375937497123, [0.5893221394929122, 0.9871743470969673, 0.6025240269528935, 7, 12, 0.1713882971692855, 0.4683185755292114, 0.80774265643109, 0.6381586868106517, 0.18917290986411972]
40, 9, 1214.2337950902022, [0.5893221394929122, 0.9871743470969673, 0.6025240269528935, 3, 12, 0.1713882971692855, 0.35372868529940316, 0.1767467079884758, 0.6381586868106517, 0.18917290986411972]
41, 0, 1230.8991465487388, [0.9334730752332011, 0.21996128399389725, 0.030620401970831934, 7, 9, 0.7366017519348419, 0.6196461651189437, 0.80774265643109, 0.3097752062533713, 0.18917290986411972]
41, 1, 1226.7775198218296, [0.06978893137951081, 0.5813224427668173, 0.030620401970831934, 9, 18, 0.93577576681845, 0.6799984828749729, 0.6146200747787691, 0.3097752062533713, 0.3365872484018577]
41, 2, 1224.7286170732204, [0.5893221394929122, 0.5813224427668173, 0.030620401970831934, 3, 18, 0.1713882971692855, 0.6799984828749729, 0.80774265643109, 0.7755682696389122, 0.18917290986411972]
41, 3, 1220.9141007319133, [0.25889365088671756, 0.5813224427668173, 0.030620401970831934, 9, 18, 0.93577576681845, 0.6799984828749729, 0.80774265643109, 0.9296830168894513, 0.3365872484018577]
41, 4, 1219.8170816648676, [0.06978893137951081, 0.5813224427668173, 0.4187894603268888, 7, 9, 0.7366017519348419, 0.6799984828749729, 0.80774265643109, 0.3097752062533713, 0.20996696381019364]
41, 5, 1219.652090395456, [0.5893221394929122, 0.9871743470969673, 0.6025240269528935, 7, 12, 0.1713882971692855, 0.4683185755292114, 0.80774265643109, 0.6381586868106517, 0.18917290986411972]
41, 6, 1217.4118390809592, [0.5893221394929122, 0.9871743470969673, 0.6025240269528935, 7, 12, 0.2362473481664027, 0.17006932657357687, 0.80774265643109, 0.47032674851030043, 0.7982891893752584]
41, 7, 1217.271352902171, [0.06978893137951081, 0.9871743470969673, 0.6025240269528935, 9, 18, 0.2362473481664027, 0.8289353958183316, 0.80774265643109, 0.6381586868106517, 0.7982891893752584]
41, 8, 1216.227581598785, [0.9334730752332011, 0.6303377100192058, 0.030620401970831934, 9, 18, 0.93577576681845, 0.6799984828749729, 0.6146200747787691, 0.04242555128856318, 0.3365872484018577]
41, 9, 1214.5350673306452, [0.06978893137951081, 0.9871743470969673, 0.030620401970831934, 9, 18, 0.20853137480520378, 0.300521180531126, 0.80774265643109, 0.6381586868106517, 0.3365872484018577]
42, 0, 1242.7498282125052, [0.5893221394929122, 0.3568063821517836, 0.6025240269528935, 3, 12, 0.1713882971692855, 0.4683185755292114, 0.80774265643109, 0.07928057016734358, 0.5751734577975535]
42, 1, 1227.4709695893625, [0.06978893137951081, 0.5813224427668173, 0.4187894603268888, 7, 9, 0.7366017519348419, 0.4683185755292114, 0.80774265643109, 0.3097752062533713, 0.20996696381019364]
42, 2, 1226.567193423172, [0.5893221394929122, 0.5813224427668173, 0.030620401970831934, 3, 18, 0.1713882971692855, 0.6799984828749729, 0.80774265643109, 0.7755682696389122, 0.18917290986411972]
42, 3, 1224.1624893252529, [0.5893221394929122, 0.9871743470969673, 0.030620401970831934, 7, 18, 0.1713882971692855, 0.5515426626611312, 0.80774265643109, 0.6381586868106517, 0.18917290986411972]
42, 4, 1223.2884530136644, [0.5893221394929122, 0.9871743470969673, 0.6025240269528935, 7, 12, 0.2362473481664027, 0.17006932657357687, 0.80774265643109, 0.47032674851030043, 0.7982891893752584]
42, 5, 1222.5431392247779, [0.06978893137951081, 0.5813224427668173, 0.030620401970831934, 9, 18, 0.93577576681845, 0.6799984828749729, 0.6146200747787691, 0.3097752062533713, 0.3365872484018577]
42, 6, 1218.5706842382635, [0.25889365088671756, 0.5813224427668173, 0.030620401970831934, 9, 18, 0.93577576681845, 0.6799984828749729, 0.80774265643109, 0.9296830168894513, 0.3365872484018577]
42, 7, 1218.1822575842557, [0.5893221394929122, 0.9871743470969673, 0.6025240269528935, 7, 12, 0.1713882971692855, 0.4683185755292114, 0.80774265643109, 0.6381586868106517, 0.18917290986411972]
42, 8, 1212.1308891874842, [0.8466639164968095, 0.5813224427668173, 0.030620401970831934, 7, 9, 0.1713882971692855, 0.6196461651189437, 0.5109352989009032, 0.7824192308453812, 0.17715570320799112]
42, 9, 1210.3354247009854, [0.5893221394929122, 0.9871743470969673, 0.6025240269528935, 7, 12, 0.1713882971692855, 0.6799984828749729, 0.80774265643109, 0.6381586868106517, 0.18917290986411972]
43, 0, 1233.8129877129095, [0.5893221394929122, 0.3568063821517836, 0.6025240269528935, 3, 12, 0.1713882971692855, 0.4683185755292114, 0.80774265643109, 0.07928057016734358, 0.5751734577975535]
43, 1, 1224.3212367029066, [0.5893221394929122, 0.9871743470969673, 0.6025240269528935, 7, 12, 0.2362473481664027, 0.17006932657357687, 0.80774265643109, 0.47032674851030043, 0.7982891893752584]
43, 2, 1223.9253763813158, [0.8466639164968095, 0.5813224427668173, 0.030620401970831934, 7, 9, 0.1713882971692855, 0.6196461651189437, 0.5109352989009032, 0.7824192308453812, 0.17715570320799112]
43, 3, 1220.7851814610613, [0.5893221394929122, 0.5813224427668173, 0.030620401970831934, 3, 18, 0.1713882971692855, 0.6799984828749729, 0.80774265643109, 0.7755682696389122, 0.18917290986411972]
43, 4, 1217.793471758859, [0.5893221394929122, 0.9871743470969673, 0.92623995400402, 3, 18, 0.1713882971692855, 0.3480751052293355, 0.80774265643109, 0.6381586868106517, 0.18917290986411972]
43, 5, 1217.5228700493597, [0.5893221394929122, 0.9871743470969673, 0.6025240269528935, 7, 12, 0.1713882971692855, 0.6799984828749729, 0.80774265643109, 0.6381586868106517, 0.18917290986411972]
43, 6, 1217.3064187073842, [0.06978893137951081, 0.5813224427668173, 0.4187894603268888, 7, 9, 0.7366017519348419, 0.4683185755292114, 0.80774265643109, 0.3097752062533713, 0.20996696381019364]
43, 7, 1214.8479394314545, [0.06978893137951081, 0.8249822550732063, 0.4187894603268888, 7, 9, 0.7366017519348419, 0.26080954089219277, 0.80774265643109, 0.2485685605810587, 0.20996696381019364]
43, 8, 1214.2183218157454, [0.5893221394929122, 0.9871743470969673, 0.6025240269528935, 7, 12, 0.1713882971692855, 0.4683185755292114, 0.80774265643109, 0.6381586868106517, 0.18917290986411972]
43, 9, 1211.2660257589196, [0.25889365088671756, 0.5813224427668173, 0.030620401970831934, 9, 18, 0.93577576681845, 0.6799984828749729, 0.80774265643109, 0.9296830168894513, 0.3365872484018577]
44, 0, 1233.5874569831544, [0.5893221394929122, 0.9871743470969673, 0.6025240269528935, 7, 12, 0.1713882971692855, 0.6799984828749729, 0.80774265643109, 0.6381586868106517, 0.18917290986411972]
44, 1, 1232.2379267280721, [0.8466639164968095, 0.5813224427668173, 0.030620401970831934, 7, 18, 0.1713882971692855, 0.34768229700758324, 0.5109352989009032, 0.7824192308453812, 0.17715570320799112]
44, 2, 1226.2593051811634, [0.06978893137951081, 0.8249822550732063, 0.4187894603268888, 7, 9, 0.7366017519348419, 0.26080954089219277, 0.80774265643109, 0.2485685605810587, 0.20996696381019364]
44, 3, 1226.0914704942757, [0.12218016349396554, 0.9871743470969673, 0.6025240269528935, 7, 12, 0.1713882971692855, 0.6799984828749729, 0.80774265643109, 0.6381586868106517, 0.14889647152944252]
44, 4, 1221.1120040665132, [0.5893221394929122, 0.5813224427668173, 0.030620401970831934, 3, 9, 0.11190637460649677, 0.6196461651189437, 0.80774265643109, 0.7755682696389122, 0.18917290986411972]
44, 5, 1219.2397623939105, [0.5893221394929122, 0.9871743470969673, 0.92623995400402, 3, 18, 0.1713882971692855, 0.3480751052293355, 0.80774265643109, 0.6381586868106517, 0.18917290986411972]
44, 6, 1217.3290441208856, [0.5893221394929122, 0.3568063821517836, 0.6025240269528935, 7, 12, 0.1713882971692855, 0.4683185755292114, 0.80774265643109, 0.07928057016734358, 0.5751734577975535]
44, 7, 1216.1153847757464, [0.06018750459243949, 0.6006344075559853, 0.92623995400402, 3, 18, 0.99303848674769, 0.3480751052293355, 0.80774265643109, 0.6381586868106517, 0.18917290986411972]
44, 8, 1210.1902182212364, [0.5893221394929122, 0.9871743470969673, 0.6025240269528935, 7, 12, 0.2362473481664027, 0.17006932657357687, 0.80774265643109, 0.47032674851030043, 0.7982891893752584]
44, 9, 1208.9209076825177, [0.5893221394929122, 0.5813224427668173, 0.030620401970831934, 3, 18, 0.1713882971692855, 0.6799984828749729, 0.80774265643109, 0.7755682696389122, 0.18917290986411972]
45, 0, 1232.5160520842996, [0.06978893137951081, 0.8249822550732063, 0.4187894603268888, 7, 9, 0.7366017519348419, 0.26080954089219277, 0.80774265643109, 0.2485685605810587, 0.20996696381019364]
45, 1, 1227.2582288299602, [0.12218016349396554, 0.9871743470969673, 0.6025240269528935, 7, 12, 0.1713882971692855, 0.6799984828749729, 0.80774265643109, 0.6381586868106517, 0.14889647152944252]
45, 2, 1224.7484987602106, [0.5893221394929122, 0.9871743470969673, 0.6025240269528935, 7, 12, 0.1713882971692855, 0.17006932657357687, 0.736385994249722, 0.7251890807199497, 0.7982891893752584]
45, 3, 1224.2409903828584, [0.5893221394929122, 0.9871743470969673, 0.92623995400402, 3, 18, 0.1713882971692855, 0.3480751052293355, 0.80774265643109, 0.6381586868106517, 0.18917290986411972]
45, 4, 1216.8067979817636, [0.5893221394929122, 0.9871743470969673, 0.6025240269528935, 7, 12, 0.1713882971692855, 0.6799984828749729, 0.80774265643109, 0.6381586868106517, 0.18917290986411972]
45, 5, 1216.221051829696, [0.8466639164968095, 0.5813224427668173, 0.030620401970831934, 7, 18, 0.1713882971692855, 0.34768229700758324, 0.5109352989009032, 0.7824192308453812, 0.17715570320799112]
45, 6, 1216.0196369477621, [0.5893221394929122, 0.5813224427668173, 0.030620401970831934, 3, 18, 0.1713882971692855, 0.6799984828749729, 0.80774265643109, 0.7755682696389122, 0.18917290986411972]
45, 7, 1215.4761453827655, [0.06018750459243949, 0.3467351645746841, 0.92623995400402, 7, 12, 0.9134291995965989, 0.6799984828749729, 0.80774265643109, 0.01363685590830288, 0.18917290986411972]
45, 8, 1215.43074304577, [0.5893221394929122, 0.5813224427668173, 0.92623995400402, 3, 9, 0.11190637460649677, 0.3480751052293355, 0.9943156544283079, 0.7755682696389122, 0.18917290986411972]
45, 9, 1213.514024005282, [0.5893221394929122, 0.3568063821517836, 0.6025240269528935, 7, 12, 0.1713882971692855, 0.4683185755292114, 0.80774265643109, 0.07928057016734358, 0.5751734577975535]
46, 0, 1222.8244176598134, [0.8466639164968095, 0.6277227410861385, 0.030620401970831934, 7, 18, 0.1713882971692855, 0.34768229700758324, 0.5109352989009032, 0.7824192308453812, 0.17715570320799112]
46, 1, 1220.933533708555, [0.5893221394929122, 0.9871743470969673, 0.6025240269528935, 7, 12, 0.1713882971692855, 0.17006932657357687, 0.736385994249722, 0.7251890807199497, 0.7982891893752584]
46, 2, 1220.652121733216, [0.5893221394929122, 0.9871743470969673, 0.92623995400402, 3, 18, 0.1713882971692855, 0.3480751052293355, 0.80774265643109, 0.6381586868106517, 0.18917290986411972]
46, 3, 1218.567281278335, [0.5893221394929122, 0.5813224427668173, 0.030620401970831934, 3, 18, 0.1713882971692855, 0.6799984828749729, 0.80774265643109, 0.7755682696389122, 0.18917290986411972]
46, 4, 1218.3175651033978, [0.06978893137951081, 0.8249822550732063, 0.4187894603268888, 7, 9, 0.7366017519348419, 0.26080954089219277, 0.80774265643109, 0.2485685605810587, 0.20996696381019364]
46, 5, 1218.18663129584, [0.12218016349396554, 0.9871743470969673, 0.6025240269528935, 7, 12, 0.1713882971692855, 0.6799984828749729, 0.80774265643109, 0.6381586868106517, 0.14889647152944252]
46, 6, 1217.053848416831, [0.8466639164968095, 0.5813224427668173, 0.030620401970831934, 7, 18, 0.0600575737756297, 0.34768229700758324, 0.5109352989009032, 0.7824192308453812, 0.5438145140559759]
46, 7, 1215.8447410878641, [0.06018750459243949, 0.13460693736222196, 0.92623995400402, 7, 12, 0.9134291995965989, 0.6799984828749729, 0.80774265643109, 0.7251890807199497, 0.18917290986411972]
46, 8, 1212.8565544971882, [0.5893221394929122, 0.9871743470969673, 0.6025240269528935, 7, 12, 0.1713882971692855, 0.6799984828749729, 0.80774265643109, 0.6381586868106517, 0.18917290986411972]
46, 9, 1212.0193833977742, [0.5893221394929122, 0.9871743470969673, 0.6025240269528935, 7, 12, 0.5829795183946245, 0.17006932657357687, 0.736385994249722, 0.01363685590830288, 0.7982891893752584]
47, 0, 1231.4698254364384, [0.06978893137951081, 0.8249822550732063, 0.4187894603268888, 7, 9, 0.7366017519348419, 0.26080954089219277, 0.80774265643109, 0.2485685605810587, 0.20996696381019364]
47, 1, 1227.680769440199, [0.5893221394929122, 0.9871743470969673, 0.6025240269528935, 7, 12, 0.1713882971692855, 0.17006932657357687, 0.736385994249722, 0.7251890807199497, 0.7982891893752584]
47, 2, 1223.5865486167668, [0.5893221394929122, 0.5813224427668173, 0.030620401970831934, 3, 18, 0.1713882971692855, 0.6799984828749729, 0.80774265643109, 0.826787751667498, 0.9241301769159818]
47, 3, 1222.7352424066773, [0.5893221394929122, 0.5813224427668173, 0.030620401970831934, 3, 18, 0.1713882971692855, 0.6799984828749729, 0.80774265643109, 0.7755682696389122, 0.18917290986411972]
47, 4, 1221.8684217943953, [0.5893221394929122, 0.9871743470969673, 0.6025240269528935, 7, 12, 0.1713882971692855, 0.6799984828749729, 0.80774265643109, 0.6381586868106517, 0.18917290986411972]
47, 5, 1217.9398882720748, [0.5893221394929122, 0.5813224427668173, 0.6025240269528935, 3, 12, 0.1713882971692855, 0.6799984828749729, 0.5220717025060017, 0.6549853347326012, 0.5087024789055082]
47, 6, 1216.952738539783, [0.8466639164968095, 0.5813224427668173, 0.030620401970831934, 7, 18, 0.0600575737756297, 0.34768229700758324, 0.5109352989009032, 0.7824192308453812, 0.18917290986411972]
47, 7, 1214.2678891282967, [0.8466639164968095, 0.6277227410861385, 0.030620401970831934, 7, 18, 0.1713882971692855, 0.34768229700758324, 0.5109352989009032, 0.7824192308453812, 0.17715570320799112]
47, 8, 1213.8017155388413, [0.8466639164968095, 0.5813224427668173, 0.030620401970831934, 7, 18, 0.0600575737756297, 0.34768229700758324, 0.5109352989009032, 0.7824192308453812, 0.5438145140559759]
47, 9, 1206.4696189209913, [0.5893221394929122, 0.9871743470969673, 0.47639278620836834, 7, 12, 0.1713882971692855, 0.6799984828749729, 0.736385994249722, 0.7251890807199497, 0.4306878376933183]
48, 0, 1234.5147554057114, [0.06978893137951081, 0.8249822550732063, 0.4187894603268888, 7, 9, 0.7366017519348419, 0.26080954089219277, 0.80774265643109, 0.2485685605810587, 0.20996696381019364]
48, 1, 1232.2154446129252, [0.8466639164968095, 0.2786706656361061, 0.030620401970831934, 7, 18, 0.0600575737756297, 0.8293527663885787, 0.5109352989009032, 0.7824192308453812, 0.5438145140559759]
48, 2, 1224.7776116626871, [0.5893221394929122, 0.5813224427668173, 0.6025240269528935, 3, 12, 0.1713882971692855, 0.6799984828749729, 0.5220717025060017, 0.6549853347326012, 0.5087024789055082]
48, 3, 1222.2233653007625, [0.6585481277528319, 0.5813224427668173, 0.030620401970831934, 3, 12, 0.1713882971692855, 0.17006932657357687, 0.736385994249722, 0.826787751667498, 0.7982891893752584]
48, 4, 1221.7310220998588, [0.8466639164968095, 0.6277227410861385, 0.030620401970831934, 7, 18, 0.1713882971692855, 0.34768229700758324, 0.5109352989009032, 0.7824192308453812, 0.17715570320799112]
48, 5, 1220.4604054691144, [0.5893221394929122, 0.5813224427668173, 0.030620401970831934, 3, 18, 0.1713882971692855, 0.6799984828749729, 0.80774265643109, 0.7755682696389122, 0.18917290986411972]
48, 6, 1216.376578052479, [0.5893221394929122, 0.9871743470969673, 0.47639278620836834, 7, 12, 0.1713882971692855, 0.6799984828749729, 0.736385994249722, 0.7251890807199497, 0.4306878376933183]
48, 7, 1216.0629700741667, [0.5893221394929122, 0.5813224427668173, 0.030620401970831934, 3, 18, 0.1713882971692855, 0.6799984828749729, 0.80774265643109, 0.7755682696389122, 0.7795191892748455]
48, 8, 1211.651184136464, [0.5893221394929122, 0.9871743470969673, 0.6025240269528935, 7, 12, 0.1713882971692855, 0.17006932657357687, 0.736385994249722, 0.7251890807199497, 0.7982891893752584]
48, 9, 1210.2340659972617, [0.5893221394929122, 0.9871743470969673, 0.6025240269528935, 7, 18, 0.1713882971692855, 0.6799984828749729, 0.80774265643109, 0.7251890807199497, 0.9241301769159818]
49, 0, 1244.4694642340498, [0.8466639164968095, 0.2786706656361061, 0.030620401970831934, 7, 18, 0.0600575737756297, 0.8293527663885787, 0.5109352989009032, 0.7824192308453812, 0.5438145140559759]
49, 1, 1238.708848920781, [0.5893221394929122, 0.5813224427668173, 0.6025240269528935, 3, 12, 0.1713882971692855, 0.6799984828749729, 0.5220717025060017, 0.6549853347326012, 0.5087024789055082]
49, 2, 1226.0371600905653, [0.5893221394929122, 0.5813224427668173, 0.030620401970831934, 3, 18, 0.1713882971692855, 0.6799984828749729, 0.80774265643109, 0.7755682696389122, 0.18917290986411972]
49, 3, 1225.649065715616, [0.5893221394929122, 0.9871743470969673, 0.6025240269528935, 7, 12, 0.1713882971692855, 0.17006932657357687, 0.736385994249722, 0.7251890807199497, 0.7982891893752584]
49, 4, 1217.8648063293062, [0.06978893137951081, 0.8249822550732063, 0.4187894603268888, 7, 9, 0.7366017519348419, 0.26080954089219277, 0.80774265643109, 0.2485685605810587, 0.20996696381019364]
49, 5, 1216.9712401738816, [0.5200151601883722, 0.8249822550732063, 0.4187894603268888, 7, 6, 0.0600575737756297, 0.8293527663885787, 0.80774265643109, 0.2485685605810587, 0.5438145140559759]
49, 6, 1216.4260800917139, [0.06978893137951081, 0.5813224427668173, 0.030620401970831934, 7, 18, 0.7366017519348419, 0.6799984828749729, 0.80774265643109, 0.33474723635629045, 0.20996696381019364]
49, 7, 1213.858810535172, [0.22503060000249486, 0.2786706656361061, 0.030620401970831934, 7, 18, 0.7366017519348419, 0.26080954089219277, 0.5109352989009032, 0.7824192308453812, 0.20996696381019364]
49, 8, 1210.9007286499725, [0.6585481277528319, 0.5813224427668173, 0.030620401970831934, 3, 12, 0.1713882971692855, 0.17006932657357687, 0.736385994249722, 0.826787751667498, 0.7982891893752584]
49, 9, 1210.438833431042, [0.5893221394929122, 0.8249822550732063, 0.4187894603268888, 3, 9, 0.17615230142604965, 0.26080954089219277, 0.80774265643109, 0.7755682696389122, 0.7795191892748455]
